,week,win or loss,season record,home or away,opponent name,total points scored,total points allowed,first downs gained,total yards gained,pass yards gained,rush yards gained,turnovers lost,first downs allowed,total yards against,pass yards against,rush yards against,turnovers gained by defense,wins,losses,win ratio,day_Mon,total points scored szn avg,total points allowed szn avg,first downs gained szn avg,total yards gained szn avg,pass yards gained szn avg,rush yards gained szn avg,turnovers lost szn avg,first downs allowed szn avg,total yards against szn avg,pass yards against szn avg,rush yards against szn avg,turnovers gained by defense szn avg,team_name,season,day_Thu
0,1.0,0,0-1,0.0,pittsburgh steelers,16.0,23.0,22.0,371.0,254.0,117.0,1.0,16.0,252.0,177.0,75.0,0.0,0.0,1.0,,0.0,,,,,,,,,,,,,buffalo bills,2021,
1,2.0,1,1-1,1.0,miami dolphins,35.0,0.0,21.0,314.0,171.0,143.0,2.0,13.0,216.0,145.0,71.0,3.0,1.0,1.0,0.0,0.0,16.0,23.0,22.0,371.0,254.0,117.0,1.0,16.0,252.0,177.0,75.0,0.0,buffalo bills,2021,
2,3.0,1,2-1,0.0,washington football team,43.0,21.0,29.0,481.0,359.0,122.0,0.0,13.0,290.0,212.0,78.0,3.0,2.0,1.0,0.5,0.0,25.5,11.5,21.5,342.5,212.5,130.0,1.5,14.5,234.0,161.0,73.0,1.5,buffalo bills,2021,
3,4.0,1,3-1,0.0,houston texans,40.0,0.0,26.0,450.0,251.0,199.0,1.0,6.0,109.0,61.0,48.0,5.0,3.0,1.0,0.6666666666666666,0.0,31.333333333333332,14.666666666666666,24.0,388.6666666666667,261.3333333333333,127.33333333333333,1.0,14.0,252.66666666666666,178.0,74.66666666666667,2.0,buffalo bills,2021,
4,5.0,1,4-1,1.0,kansas city chiefs,38.0,20.0,20.0,436.0,315.0,121.0,0.0,29.0,392.0,272.0,120.0,4.0,4.0,1.0,0.75,0.0,33.5,11.0,24.5,404.0,258.75,145.25,1.0,12.0,216.75,148.75,68.0,2.75,buffalo bills,2021,
5,6.0,0,4-2,1.0,tennessee titans,31.0,34.0,28.0,417.0,335.0,82.0,1.0,16.0,362.0,216.0,146.0,1.0,4.0,2.0,0.8,1.0,34.4,12.8,23.6,410.4,270.0,140.4,0.8,15.4,251.8,173.4,78.4,3.0,buffalo bills,2021,
7,8.0,1,5-2,0.0,miami dolphins,26.0,11.0,24.0,351.0,249.0,102.0,0.0,16.0,262.0,194.0,68.0,2.0,5.0,2.0,0.6666666666666666,0.0,33.833333333333336,16.333333333333332,24.333333333333332,411.5,280.8333333333333,130.66666666666666,0.8333333333333334,15.5,270.1666666666667,180.5,89.66666666666667,2.6666666666666665,buffalo bills,2021,
8,9.0,0,5-3,1.0,jacksonville jaguars,6.0,9.0,17.0,301.0,229.0,72.0,3.0,16.0,218.0,139.0,79.0,1.0,5.0,3.0,0.7142857142857143,0.0,32.714285714285715,15.571428571428571,24.285714285714285,402.85714285714283,276.2857142857143,126.57142857142857,0.7142857142857143,15.571428571428571,269.0,182.42857142857142,86.57142857142857,2.5714285714285716,buffalo bills,2021,
9,10.0,1,6-3,1.0,new york jets,45.0,17.0,26.0,489.0,350.0,139.0,2.0,22.0,366.0,296.0,70.0,5.0,6.0,3.0,0.625,0.0,29.375,14.75,23.375,390.125,270.375,119.75,1.0,15.625,262.625,177.0,85.625,2.375,buffalo bills,2021,
10,11.0,0,6-4,0.0,indianapolis colts,15.0,41.0,19.0,311.0,220.0,91.0,4.0,28.0,370.0,106.0,264.0,0.0,6.0,4.0,0.6666666666666666,0.0,31.11111111111111,15.0,23.666666666666668,401.1111111111111,279.22222222222223,121.88888888888889,1.1111111111111112,16.333333333333332,274.1111111111111,190.22222222222223,83.88888888888889,2.6666666666666665,buffalo bills,2021,
0,1.0,0,0-1,1.0,carolina panthers,14.0,19.0,16.0,252.0,207.0,45.0,1.0,18.0,381.0,270.0,111.0,1.0,0.0,1.0,,,,,,,,,,,,,,,new york jets,2021,0.0
1,2.0,0,0-2,0.0,new england patriots,6.0,25.0,18.0,336.0,184.0,152.0,4.0,17.0,260.0,159.0,101.0,0.0,0.0,2.0,0.0,,14.0,19.0,16.0,252.0,207.0,45.0,1.0,18.0,381.0,270.0,111.0,1.0,new york jets,2021,0.0
2,3.0,0,0-3,1.0,denver broncos,0.0,26.0,11.0,162.0,119.0,43.0,2.0,23.0,343.0,223.0,120.0,1.0,0.0,3.0,0.0,,10.0,22.0,17.0,294.0,195.5,98.5,2.5,17.5,320.5,214.5,106.0,0.5,new york jets,2021,0.0
3,4.0,1,1-3,0.0,tennessee titans,27.0,24.0,16.0,355.0,289.0,66.0,1.0,30.0,430.0,253.0,177.0,0.0,1.0,3.0,0.0,,6.666666666666667,23.333333333333332,15.0,250.0,170.0,80.0,2.3333333333333335,19.333333333333332,328.0,217.33333333333334,110.66666666666667,0.6666666666666666,new york jets,2021,0.0
4,5.0,0,1-4,1.0,atlanta falcons,20.0,27.0,17.0,230.0,166.0,64.0,1.0,28.0,450.0,342.0,108.0,2.0,1.0,4.0,0.25,,11.75,23.5,15.25,276.25,199.75,76.5,2.0,22.0,353.5,226.25,127.25,0.5,new york jets,2021,0.0
6,7.0,0,1-5,1.0,new england patriots,13.0,54.0,18.0,299.0,237.0,62.0,3.0,32.0,551.0,403.0,148.0,0.0,1.0,5.0,0.2,,13.4,24.2,15.6,267.0,193.0,74.0,1.8,23.2,372.8,249.4,123.4,0.8,new york jets,2021,0.0
7,8.0,1,2-5,0.0,cincinnati bengals,34.0,31.0,32.0,511.0,414.0,97.0,3.0,18.0,318.0,277.0,41.0,1.0,2.0,5.0,0.16666666666666666,,13.333333333333334,29.166666666666668,16.0,272.3333333333333,200.33333333333334,72.0,2.0,24.666666666666668,402.5,275.0,127.5,0.6666666666666666,new york jets,2021,0.0
8,9.0,0,2-6,1.0,indianapolis colts,30.0,45.0,30.0,486.0,398.0,88.0,2.0,28.0,532.0,272.0,260.0,0.0,2.0,6.0,0.2857142857142857,,16.285714285714285,29.428571428571427,18.285714285714285,306.42857142857144,230.85714285714286,75.57142857142857,2.142857142857143,23.714285714285715,390.42857142857144,275.2857142857143,115.14285714285714,0.7142857142857143,new york jets,2021,1.0
9,10.0,0,2-7,0.0,buffalo bills,17.0,45.0,22.0,366.0,296.0,70.0,5.0,26.0,489.0,350.0,139.0,2.0,2.0,7.0,0.25,,18.0,31.375,19.75,328.875,251.75,77.125,2.125,24.25,408.125,274.875,133.25,0.625,new york jets,2021,0.0
10,11.0,0,2-8,0.0,miami dolphins,17.0,24.0,18.0,380.0,278.0,102.0,1.0,20.0,388.0,273.0,115.0,1.0,2.0,8.0,0.2222222222222222,,17.88888888888889,32.888888888888886,20.0,333.0,256.6666666666667,76.33333333333333,2.4444444444444446,24.444444444444443,417.1111111111111,283.22222222222223,133.88888888888889,0.7777777777777778,new york jets,2021,0.0
0,1.0,1,1-0,1.0,new england patriots,17.0,16.0,16.0,259.0,185.0,74.0,1.0,24.0,393.0,268.0,125.0,2.0,1.0,0.0,,,,,,,,,,,,,,,miami dolphins,2021,0.0
1,2.0,0,1-1,0.0,buffalo bills,0.0,35.0,13.0,216.0,145.0,71.0,3.0,21.0,314.0,171.0,143.0,2.0,1.0,1.0,1.0,,17.0,16.0,16.0,259.0,185.0,74.0,1.0,24.0,393.0,268.0,125.0,2.0,miami dolphins,2021,0.0
2,3.0,0,1-2,1.0,las vegas raiders,28.0,31.0,22.0,330.0,197.0,133.0,0.0,28.0,497.0,357.0,140.0,1.0,1.0,2.0,0.5,,8.5,25.5,14.5,237.5,165.0,72.5,2.0,22.5,353.5,219.5,134.0,2.0,miami dolphins,2021,0.0
3,4.0,0,1-3,0.0,indianapolis colts,17.0,27.0,13.0,203.0,168.0,35.0,2.0,20.0,349.0,210.0,139.0,1.0,1.0,3.0,0.3333333333333333,,15.0,27.333333333333332,17.0,268.3333333333333,175.66666666666666,92.66666666666667,1.3333333333333333,24.333333333333332,401.3333333333333,265.3333333333333,136.0,1.6666666666666667,miami dolphins,2021,0.0
4,5.0,0,1-4,1.0,tampa bay buccaneers,17.0,45.0,17.0,301.0,262.0,39.0,2.0,33.0,558.0,437.0,121.0,0.0,1.0,4.0,0.25,,15.5,27.25,16.0,252.0,173.75,78.25,1.5,23.25,388.25,251.5,136.75,1.5,miami dolphins,2021,0.0
5,6.0,0,1-5,1.0,jacksonville jaguars,20.0,23.0,23.0,431.0,354.0,77.0,1.0,21.0,396.0,312.0,84.0,1.0,1.0,5.0,0.2,,15.8,30.8,16.2,261.8,191.4,70.4,1.6,25.2,422.2,288.6,133.6,1.2,miami dolphins,2021,0.0
6,7.0,0,1-6,0.0,atlanta falcons,28.0,30.0,27.0,413.0,281.0,132.0,2.0,21.0,397.0,325.0,72.0,2.0,1.0,6.0,0.16666666666666666,,16.5,29.5,17.333333333333332,290.0,218.5,71.5,1.5,24.5,417.8333333333333,292.5,125.33333333333333,1.1666666666666667,miami dolphins,2021,0.0
7,8.0,0,1-7,1.0,buffalo bills,11.0,26.0,16.0,262.0,194.0,68.0,2.0,24.0,351.0,249.0,102.0,0.0,1.0,7.0,0.14285714285714285,,18.142857142857142,29.571428571428573,18.714285714285715,307.57142857142856,227.42857142857142,80.14285714285714,1.5714285714285714,24.0,414.85714285714283,297.14285714285717,117.71428571428571,1.2857142857142858,miami dolphins,2021,0.0
8,9.0,1,2-7,0.0,houston texans,17.0,9.0,22.0,262.0,215.0,47.0,5.0,14.0,272.0,199.0,73.0,4.0,2.0,7.0,0.125,,17.25,29.125,18.375,301.875,223.25,78.625,1.625,24.0,406.875,291.125,115.75,1.125,miami dolphins,2021,0.0
9,10.0,1,3-7,0.0,baltimore ravens,22.0,10.0,17.0,350.0,290.0,60.0,0.0,23.0,304.0,210.0,94.0,2.0,3.0,7.0,0.2222222222222222,,17.22222222222222,26.88888888888889,18.77777777777778,297.44444444444446,222.33333333333334,75.11111111111111,2.0,22.88888888888889,391.8888888888889,280.8888888888889,111.0,1.4444444444444444,miami dolphins,2021,1.0
10,11.0,1,4-7,1.0,new york jets,24.0,17.0,20.0,388.0,273.0,115.0,1.0,18.0,380.0,278.0,102.0,1.0,4.0,7.0,0.3,,17.7,25.2,18.6,302.7,229.1,73.6,1.8,22.9,383.1,273.8,109.3,1.5,miami dolphins,2021,0.0
0,1.0,0,0-1,0.0,miami dolphins,16.0,17.0,24.0,393.0,268.0,125.0,2.0,16.0,259.0,185.0,74.0,1.0,0.0,1.0,,,,,,,,,,,,,,,new england patriots,2021,0.0
1,2.0,1,1-1,1.0,new york jets,25.0,6.0,17.0,260.0,159.0,101.0,0.0,18.0,336.0,184.0,152.0,4.0,1.0,1.0,0.0,,16.0,17.0,24.0,393.0,268.0,125.0,2.0,16.0,259.0,185.0,74.0,1.0,new england patriots,2021,0.0
2,3.0,0,1-2,0.0,new orleans saints,13.0,28.0,16.0,300.0,251.0,49.0,3.0,19.0,252.0,110.0,142.0,0.0,1.0,2.0,0.5,,20.5,11.5,20.5,326.5,213.5,113.0,1.0,17.0,297.5,184.5,113.0,2.5,new england patriots,2021,0.0
3,4.0,0,1-3,0.0,tampa bay buccaneers,17.0,19.0,20.0,294.0,295.0,-1.0,2.0,22.0,381.0,261.0,120.0,0.0,1.0,3.0,0.3333333333333333,,18.0,17.0,19.0,317.6666666666667,226.0,91.66666666666667,1.6666666666666667,17.666666666666668,282.3333333333333,159.66666666666666,122.66666666666667,1.6666666666666667,new england patriots,2021,0.0
4,5.0,1,2-3,1.0,houston texans,25.0,22.0,21.0,352.0,226.0,126.0,2.0,14.0,360.0,293.0,67.0,1.0,2.0,3.0,0.25,,17.75,17.5,19.25,311.75,243.25,68.5,1.75,18.75,307.0,185.0,122.0,1.25,new england patriots,2021,0.0
5,6.0,0,2-4,0.0,dallas cowboys,29.0,35.0,17.0,335.0,215.0,120.0,2.0,32.0,567.0,445.0,122.0,2.0,2.0,4.0,0.4,,19.2,18.4,19.6,319.8,239.8,80.0,1.8,17.8,317.6,206.6,111.0,1.2,new england patriots,2021,0.0
6,7.0,1,3-4,0.0,new york jets,54.0,13.0,32.0,551.0,403.0,148.0,0.0,18.0,299.0,237.0,62.0,3.0,3.0,4.0,0.3333333333333333,,20.833333333333332,21.166666666666668,19.166666666666668,322.3333333333333,235.66666666666666,86.66666666666667,1.8333333333333333,20.166666666666668,359.1666666666667,246.33333333333334,112.83333333333333,1.3333333333333333,new england patriots,2021,0.0
7,8.0,1,4-4,1.0,los angeles chargers,27.0,24.0,21.0,352.0,210.0,142.0,1.0,17.0,369.0,206.0,163.0,2.0,4.0,4.0,0.42857142857142855,,25.571428571428573,20.0,21.0,355.0,259.57142857142856,95.42857142857143,1.5714285714285714,19.857142857142858,350.57142857142856,245.0,105.57142857142857,1.5714285714285714,new england patriots,2021,0.0
8,9.0,1,5-4,1.0,carolina panthers,24.0,6.0,17.0,273.0,122.0,151.0,2.0,13.0,240.0,162.0,78.0,3.0,5.0,4.0,0.5,,25.75,20.5,21.0,354.625,253.375,101.25,1.5,19.5,352.875,240.125,112.75,1.625,new england patriots,2021,0.0
9,10.0,1,6-4,0.0,cleveland browns,45.0,7.0,30.0,452.0,268.0,184.0,0.0,17.0,217.0,118.0,99.0,1.0,6.0,4.0,0.5555555555555556,,25.555555555555557,18.88888888888889,20.555555555555557,345.55555555555554,238.77777777777777,106.77777777777777,1.5555555555555556,18.77777777777778,340.3333333333333,231.44444444444446,108.88888888888889,1.7777777777777777,new england patriots,2021,0.0
10,11.0,1,7-4,1.0,atlanta falcons,25.0,0.0,20.0,308.0,174.0,134.0,1.0,11.0,165.0,125.0,40.0,4.0,7.0,4.0,0.6,,27.5,17.7,21.5,356.2,241.7,114.5,1.4,18.6,328.0,220.1,107.9,1.7,new england patriots,2021,1.0
0,1.0,0,0-1,1.0,las vegas raiders,27.0,33.0,20.0,406.0,217.0,189.0,2.0,26.0,491.0,409.0,82.0,1.0,0.0,1.0,,1.0,,,,,,,,,,,,,baltimore ravens,2021,0.0
1,2.0,1,1-1,0.0,kansas city chiefs,36.0,35.0,31.0,481.0,230.0,251.0,2.0,22.0,405.0,343.0,62.0,2.0,1.0,1.0,0.0,0.0,27.0,33.0,20.0,406.0,217.0,189.0,2.0,26.0,491.0,409.0,82.0,1.0,baltimore ravens,2021,0.0
2,3.0,1,2-1,1.0,detroit lions,19.0,17.0,15.0,387.0,271.0,116.0,1.0,22.0,285.0,192.0,93.0,0.0,2.0,1.0,0.5,0.0,31.5,34.0,25.5,443.5,223.5,220.0,2.0,24.0,448.0,376.0,72.0,1.5,baltimore ravens,2021,0.0
3,4.0,1,3-1,1.0,denver broncos,23.0,7.0,20.0,406.0,304.0,102.0,0.0,15.0,254.0,148.0,106.0,1.0,3.0,1.0,0.6666666666666666,0.0,27.333333333333332,28.333333333333332,22.0,424.6666666666667,239.33333333333334,185.33333333333334,1.6666666666666667,23.333333333333332,393.6666666666667,314.6666666666667,79.0,1.0,baltimore ravens,2021,0.0
4,5.0,1,4-1,0.0,indianapolis colts,31.0,25.0,30.0,523.0,437.0,86.0,1.0,29.0,513.0,390.0,123.0,1.0,4.0,1.0,0.75,1.0,26.25,23.0,21.5,420.0,255.5,164.5,1.25,21.25,358.75,273.0,85.75,1.0,baltimore ravens,2021,0.0
5,6.0,1,5-1,0.0,los angeles chargers,34.0,6.0,27.0,327.0,140.0,187.0,2.0,14.0,208.0,182.0,26.0,1.0,5.0,1.0,0.8,0.0,27.2,23.4,23.2,440.6,291.8,148.8,1.2,22.8,389.6,296.4,93.2,1.0,baltimore ravens,2021,0.0
6,7.0,0,5-2,0.0,cincinnati bengals,17.0,41.0,20.0,393.0,278.0,115.0,0.0,19.0,520.0,409.0,111.0,1.0,5.0,2.0,0.8333333333333334,0.0,28.333333333333332,20.5,23.833333333333332,421.6666666666667,266.5,155.16666666666666,1.3333333333333333,21.333333333333332,359.3333333333333,277.3333333333333,82.0,1.0,baltimore ravens,2021,0.0
8,9.0,1,6-2,0.0,minnesota vikings,34.0,31.0,36.0,500.0,253.0,247.0,2.0,13.0,318.0,187.0,131.0,0.0,6.0,2.0,0.7142857142857143,0.0,26.714285714285715,23.428571428571427,23.285714285714285,417.57142857142856,268.14285714285717,149.42857142857142,1.1428571428571428,21.0,382.2857142857143,296.14285714285717,86.14285714285714,1.0,baltimore ravens,2021,0.0
9,10.0,0,6-3,1.0,miami dolphins,10.0,22.0,23.0,304.0,210.0,94.0,2.0,17.0,350.0,290.0,60.0,0.0,6.0,3.0,0.75,0.0,27.625,24.375,24.875,427.875,266.25,161.625,1.25,20.0,374.25,282.5,91.75,0.875,baltimore ravens,2021,1.0
10,11.0,1,7-3,1.0,chicago bears,16.0,13.0,23.0,299.0,176.0,123.0,1.0,14.0,353.0,261.0,92.0,1.0,7.0,3.0,0.6666666666666666,0.0,25.666666666666668,24.11111111111111,24.666666666666668,414.1111111111111,260.0,154.11111111111111,1.3333333333333333,19.666666666666668,371.55555555555554,283.3333333333333,88.22222222222223,0.7777777777777778,baltimore ravens,2021,0.0
0,1.0,1,1-0,0.0,minnesota vikings,27.0,24.0,20.0,366.0,217.0,149.0,0.0,24.0,403.0,336.0,67.0,1.0,1.0,0.0,,,,,,,,,,,,,,,cincinnati bengals,2021,0.0
1,2.0,0,1-1,1.0,chicago bears,17.0,20.0,14.0,248.0,179.0,69.0,4.0,16.0,206.0,83.0,123.0,1.0,1.0,1.0,1.0,,27.0,24.0,20.0,366.0,217.0,149.0,0.0,24.0,403.0,336.0,67.0,1.0,cincinnati bengals,2021,0.0
2,3.0,1,2-1,1.0,pittsburgh steelers,24.0,10.0,12.0,268.0,172.0,96.0,1.0,21.0,342.0,297.0,45.0,2.0,2.0,1.0,0.5,,22.0,22.0,17.0,307.0,198.0,109.0,2.0,20.0,304.5,209.5,95.0,1.0,cincinnati bengals,2021,0.0
3,4.0,1,3-1,0.0,jacksonville jaguars,24.0,21.0,21.0,420.0,342.0,78.0,0.0,21.0,341.0,202.0,139.0,0.0,3.0,1.0,0.6666666666666666,,22.666666666666668,18.0,15.333333333333334,294.0,189.33333333333334,104.66666666666667,1.6666666666666667,20.333333333333332,317.0,238.66666666666666,78.33333333333333,1.3333333333333333,cincinnati bengals,2021,1.0
4,5.0,0,3-2,0.0,green bay packers,22.0,25.0,18.0,367.0,264.0,103.0,2.0,21.0,466.0,333.0,133.0,1.0,3.0,2.0,0.75,,23.0,18.75,16.75,325.5,227.5,98.0,1.25,20.5,323.0,229.5,93.5,1.0,cincinnati bengals,2021,0.0
5,6.0,1,4-2,1.0,detroit lions,34.0,11.0,20.0,398.0,256.0,142.0,1.0,15.0,228.0,192.0,36.0,1.0,4.0,2.0,0.6,,22.8,20.0,17.0,333.8,234.8,99.0,1.4,20.6,351.6,250.2,101.4,1.0,cincinnati bengals,2021,0.0
6,7.0,1,5-2,1.0,baltimore ravens,41.0,17.0,19.0,520.0,409.0,111.0,1.0,20.0,393.0,278.0,115.0,0.0,5.0,2.0,0.6666666666666666,,24.666666666666668,18.5,17.5,344.5,238.33333333333334,106.16666666666667,1.3333333333333333,19.666666666666668,331.0,240.5,90.5,1.0,cincinnati bengals,2021,0.0
7,8.0,0,5-3,1.0,new york jets,31.0,34.0,18.0,318.0,277.0,41.0,1.0,32.0,511.0,414.0,97.0,3.0,5.0,3.0,0.7142857142857143,,27.0,18.285714285714285,17.714285714285715,369.57142857142856,262.7142857142857,106.85714285714286,1.2857142857142858,19.714285714285715,339.85714285714283,245.85714285714286,94.0,0.8571428571428571,cincinnati bengals,2021,0.0
8,9.0,0,5-4,0.0,cleveland browns,16.0,41.0,25.0,348.0,263.0,85.0,3.0,14.0,361.0,208.0,153.0,0.0,5.0,4.0,0.625,,27.5,20.25,17.75,363.125,264.5,98.625,1.25,21.25,361.25,266.875,94.375,1.125,cincinnati bengals,2021,0.0
10,11.0,1,6-4,1.0,las vegas raiders,32.0,13.0,23.0,288.0,129.0,159.0,1.0,13.0,278.0,206.0,72.0,2.0,6.0,4.0,0.5555555555555556,,26.22222222222222,22.555555555555557,18.555555555555557,361.44444444444446,264.3333333333333,97.11111111111111,1.4444444444444444,20.444444444444443,361.22222222222223,260.3333333333333,100.88888888888889,1.0,cincinnati bengals,2021,0.0
0,1.0,0,0-1,1.0,kansas city chiefs,29.0,33.0,24.0,457.0,304.0,153.0,2.0,21.0,397.0,324.0,73.0,0.0,0.0,1.0,,,,,,,,,,,,,,,cleveland browns,2021,0.0
1,2.0,1,1-1,0.0,houston texans,31.0,21.0,22.0,355.0,199.0,156.0,2.0,17.0,302.0,220.0,82.0,2.0,1.0,1.0,0.0,,29.0,33.0,24.0,457.0,304.0,153.0,2.0,21.0,397.0,324.0,73.0,0.0,cleveland browns,2021,0.0
2,3.0,1,2-1,0.0,chicago bears,26.0,6.0,26.0,418.0,203.0,215.0,0.0,6.0,47.0,1.0,46.0,0.0,2.0,1.0,0.5,,30.0,27.0,23.0,406.0,251.5,154.5,2.0,19.0,349.5,272.0,77.5,1.0,cleveland browns,2021,0.0
3,4.0,1,3-1,1.0,minnesota vikings,14.0,7.0,20.0,327.0,143.0,184.0,0.0,16.0,255.0,190.0,65.0,1.0,3.0,1.0,0.6666666666666666,,28.666666666666668,20.0,24.0,410.0,235.33333333333334,174.66666666666666,1.3333333333333333,14.666666666666666,248.66666666666666,181.66666666666666,67.0,0.6666666666666666,cleveland browns,2021,0.0
4,5.0,0,3-2,1.0,los angeles chargers,42.0,47.0,25.0,531.0,301.0,230.0,0.0,27.0,493.0,381.0,112.0,1.0,3.0,2.0,0.75,,25.0,16.75,23.0,389.25,212.25,177.0,1.0,15.0,250.25,183.75,66.5,0.75,cleveland browns,2021,0.0
5,6.0,0,3-3,0.0,arizona cardinals,14.0,37.0,16.0,290.0,217.0,73.0,3.0,24.0,352.0,208.0,144.0,0.0,3.0,3.0,0.6,,28.4,22.8,23.4,417.6,230.0,187.6,0.8,17.4,298.8,223.2,75.6,0.8,cleveland browns,2021,0.0
6,7.0,1,4-3,0.0,denver broncos,17.0,14.0,23.0,376.0,194.0,182.0,0.0,15.0,223.0,182.0,41.0,1.0,4.0,3.0,0.5,,26.0,25.166666666666668,22.166666666666668,396.3333333333333,227.83333333333334,168.5,1.1666666666666667,18.5,307.6666666666667,220.66666666666666,87.0,0.6666666666666666,cleveland browns,2021,1.0
7,8.0,0,4-4,0.0,pittsburgh steelers,10.0,15.0,19.0,306.0,210.0,96.0,1.0,21.0,370.0,255.0,115.0,0.0,4.0,4.0,0.5714285714285714,,24.714285714285715,23.571428571428573,22.285714285714285,393.42857142857144,223.0,170.42857142857142,1.0,18.0,295.57142857142856,215.14285714285714,80.42857142857143,0.7142857142857143,cleveland browns,2021,0.0
8,9.0,1,5-4,1.0,cincinnati bengals,41.0,16.0,14.0,361.0,208.0,153.0,0.0,25.0,348.0,263.0,85.0,3.0,5.0,4.0,0.5,,22.875,22.5,21.875,382.5,221.375,161.125,1.0,18.375,304.875,220.125,84.75,0.625,cleveland browns,2021,0.0
9,10.0,0,5-5,1.0,new england patriots,7.0,45.0,17.0,217.0,118.0,99.0,1.0,30.0,452.0,268.0,184.0,0.0,5.0,5.0,0.5555555555555556,,24.88888888888889,21.77777777777778,21.0,380.1111111111111,219.88888888888889,160.22222222222223,0.8888888888888888,19.11111111111111,309.6666666666667,224.88888888888889,84.77777777777777,0.8888888888888888,cleveland browns,2021,0.0
10,11.0,1,6-5,0.0,detroit lions,13.0,10.0,22.0,349.0,165.0,184.0,2.0,12.0,245.0,77.0,168.0,2.0,6.0,5.0,0.5,,23.1,24.1,20.6,363.8,209.7,154.1,0.9,20.2,323.9,229.2,94.7,0.8,cleveland browns,2021,0.0
0,1.0,1,1-0,1.0,buffalo bills,23.0,16.0,16.0,252.0,177.0,75.0,0.0,22.0,371.0,254.0,117.0,1.0,1.0,0.0,,0.0,,,,,,,,,,,,,pittsburgh steelers,2021,
1,2.0,0,1-1,0.0,las vegas raiders,17.0,26.0,17.0,331.0,292.0,39.0,1.0,22.0,425.0,373.0,52.0,0.0,1.0,1.0,1.0,0.0,23.0,16.0,16.0,252.0,177.0,75.0,0.0,22.0,371.0,254.0,117.0,1.0,pittsburgh steelers,2021,
2,3.0,0,1-2,0.0,cincinnati bengals,10.0,24.0,21.0,342.0,297.0,45.0,2.0,12.0,268.0,172.0,96.0,1.0,1.0,2.0,0.5,0.0,20.0,21.0,16.5,291.5,234.5,57.0,0.5,22.0,398.0,313.5,84.5,0.5,pittsburgh steelers,2021,
3,4.0,0,1-3,1.0,green bay packers,17.0,27.0,17.0,282.0,220.0,62.0,2.0,23.0,367.0,236.0,131.0,1.0,1.0,3.0,0.3333333333333333,0.0,16.666666666666668,22.0,18.0,308.3333333333333,255.33333333333334,53.0,1.0,18.666666666666668,354.6666666666667,266.3333333333333,88.33333333333333,0.6666666666666666,pittsburgh steelers,2021,
4,5.0,1,2-3,0.0,denver broncos,27.0,19.0,19.0,391.0,244.0,147.0,1.0,17.0,374.0,268.0,106.0,1.0,2.0,3.0,0.25,0.0,16.75,23.25,17.75,301.75,246.5,55.25,1.25,19.75,357.75,258.75,99.0,0.75,pittsburgh steelers,2021,
5,6.0,1,3-3,0.0,seattle seahawks,23.0,20.0,22.0,345.0,226.0,119.0,1.0,18.0,309.0,165.0,144.0,1.0,3.0,3.0,0.4,0.0,18.8,22.4,18.0,319.6,246.0,73.6,1.2,19.2,361.0,260.6,100.4,0.8,pittsburgh steelers,2021,
7,8.0,1,4-3,1.0,cleveland browns,15.0,10.0,21.0,370.0,255.0,115.0,0.0,19.0,306.0,210.0,96.0,1.0,4.0,3.0,0.5,0.0,19.5,22.0,18.666666666666668,323.8333333333333,242.66666666666666,81.16666666666667,1.1666666666666667,19.0,352.3333333333333,244.66666666666666,107.66666666666667,0.8333333333333334,pittsburgh steelers,2021,
8,9.0,1,5-3,0.0,chicago bears,29.0,27.0,20.0,280.0,175.0,105.0,1.0,20.0,414.0,278.0,136.0,2.0,5.0,3.0,0.5714285714285714,1.0,18.857142857142858,20.285714285714285,19.0,330.42857142857144,244.42857142857142,86.0,1.0,19.0,345.7142857142857,239.71428571428572,106.0,0.8571428571428571,pittsburgh steelers,2021,
9,10.0,T,5-3-1,0.0,detroit lions,16.0,16.0,22.0,387.0,242.0,145.0,3.0,17.0,306.0,77.0,229.0,0.0,5.0,1.0,0.625,0.0,20.125,21.125,19.125,324.125,235.75,88.375,1.0,19.125,354.25,244.5,109.75,1.0,pittsburgh steelers,2021,
10,11.0,0,5-4-1,1.0,los angeles chargers,37.0,41.0,22.0,300.0,245.0,55.0,0.0,33.0,533.0,374.0,159.0,1.0,5.0,1.0,0.8333333333333334,0.0,19.666666666666668,20.555555555555557,19.444444444444443,331.1111111111111,236.44444444444446,94.66666666666667,1.2222222222222223,18.88888888888889,348.8888888888889,225.88888888888889,123.0,0.8888888888888888,pittsburgh steelers,2021,
0,1.0,0,0-1,0.0,arizona cardinals,13.0,38.0,17.0,248.0,162.0,86.0,3.0,22.0,416.0,280.0,136.0,1.0,0.0,1.0,,0.0,,,,,,,,,,,,,tennessee titans,2021,
1,2.0,1,1-1,1.0,seattle seahawks,33.0,30.0,33.0,532.0,320.0,212.0,1.0,17.0,397.0,320.0,77.0,0.0,1.0,1.0,0.0,0.0,13.0,38.0,17.0,248.0,162.0,86.0,3.0,22.0,416.0,280.0,136.0,1.0,tennessee titans,2021,
2,3.0,1,2-1,0.0,indianapolis colts,25.0,16.0,24.0,368.0,188.0,180.0,3.0,19.0,265.0,178.0,87.0,0.0,2.0,1.0,0.5,0.0,23.0,34.0,25.0,390.0,241.0,149.0,2.0,19.5,406.5,300.0,106.5,0.5,tennessee titans,2021,
3,4.0,0,2-2,1.0,new york jets,24.0,27.0,30.0,430.0,253.0,177.0,0.0,16.0,355.0,289.0,66.0,1.0,2.0,2.0,0.6666666666666666,0.0,23.666666666666668,28.0,24.666666666666668,382.6666666666667,223.33333333333334,159.33333333333334,2.3333333333333335,19.333333333333332,359.3333333333333,259.3333333333333,100.0,0.3333333333333333,tennessee titans,2021,
4,5.0,1,3-2,1.0,jacksonville jaguars,37.0,19.0,23.0,368.0,184.0,184.0,0.0,24.0,454.0,256.0,198.0,2.0,3.0,2.0,0.5,0.0,23.75,27.75,26.0,394.5,230.75,163.75,1.75,18.5,358.25,266.75,91.5,0.5,tennessee titans,2021,
5,6.0,1,4-2,0.0,buffalo bills,34.0,31.0,16.0,362.0,216.0,146.0,1.0,28.0,417.0,335.0,82.0,1.0,4.0,2.0,0.6,1.0,26.4,26.0,25.4,389.2,221.4,167.8,1.4,19.6,377.4,264.6,112.8,0.8,tennessee titans,2021,
6,7.0,1,5-2,0.0,kansas city chiefs,27.0,3.0,24.0,369.0,266.0,103.0,1.0,22.0,334.0,257.0,77.0,3.0,5.0,2.0,0.6666666666666666,0.0,27.666666666666668,26.833333333333332,23.833333333333332,384.6666666666667,220.5,164.16666666666666,1.3333333333333333,21.0,384.0,276.3333333333333,107.66666666666667,0.8333333333333334,tennessee titans,2021,
7,8.0,1,6-2,1.0,indianapolis colts,34.0,31.0,18.0,340.0,247.0,93.0,2.0,24.0,307.0,224.0,83.0,3.0,6.0,2.0,0.7142857142857143,0.0,27.571428571428573,23.428571428571427,23.857142857142858,382.42857142857144,227.0,155.42857142857142,1.2857142857142858,21.142857142857142,376.85714285714283,273.57142857142856,103.28571428571429,1.1428571428571428,tennessee titans,2021,
8,9.0,1,7-2,1.0,los angeles rams,28.0,16.0,16.0,194.0,125.0,69.0,1.0,22.0,347.0,253.0,94.0,2.0,7.0,2.0,0.75,0.0,28.375,24.375,23.125,377.125,229.5,147.625,1.375,21.5,368.125,267.375,100.75,1.375,tennessee titans,2021,
9,10.0,1,8-2,0.0,new orleans saints,23.0,21.0,17.0,264.0,198.0,66.0,0.0,22.0,373.0,287.0,86.0,1.0,8.0,2.0,0.7777777777777778,0.0,28.333333333333332,23.444444444444443,22.333333333333332,356.77777777777777,217.88888888888889,138.88888888888889,1.3333333333333333,21.555555555555557,365.77777777777777,265.77777777777777,100.0,1.4444444444444444,tennessee titans,2021,
10,11.0,0,8-3,0.0,houston texans,13.0,22.0,26.0,420.0,317.0,103.0,5.0,15.0,190.0,107.0,83.0,0.0,8.0,3.0,0.8,0.0,27.8,23.2,21.8,347.5,215.9,131.6,1.2,21.6,366.5,267.9,98.6,1.4,tennessee titans,2021,
0,1.0,0,0-1,0.0,seattle seahawks,16.0,28.0,23.0,336.0,223.0,113.0,1.0,18.0,381.0,241.0,140.0,1.0,0.0,1.0,,0.0,,,,,,,,,,,,,indianapolis colts,2021,0.0
1,2.0,0,0-2,0.0,los angeles rams,24.0,27.0,22.0,354.0,245.0,109.0,2.0,21.0,371.0,270.0,101.0,2.0,0.0,2.0,0.0,0.0,16.0,28.0,23.0,336.0,223.0,113.0,1.0,18.0,381.0,241.0,140.0,1.0,indianapolis colts,2021,0.0
2,3.0,0,0-3,1.0,tennessee titans,16.0,25.0,19.0,265.0,178.0,87.0,0.0,24.0,368.0,188.0,180.0,3.0,0.0,3.0,0.0,0.0,20.0,27.5,22.5,345.0,234.0,111.0,1.5,19.5,376.0,255.5,120.5,1.5,indianapolis colts,2021,0.0
3,4.0,1,1-3,1.0,miami dolphins,27.0,17.0,20.0,349.0,210.0,139.0,1.0,13.0,203.0,168.0,35.0,2.0,1.0,3.0,0.0,0.0,18.666666666666668,26.666666666666668,21.333333333333332,318.3333333333333,215.33333333333334,103.0,1.0,21.0,373.3333333333333,233.0,140.33333333333334,2.0,indianapolis colts,2021,0.0
4,5.0,0,1-4,1.0,baltimore ravens,25.0,31.0,29.0,513.0,390.0,123.0,1.0,30.0,523.0,437.0,86.0,1.0,1.0,4.0,0.25,1.0,20.75,24.25,21.0,326.0,214.0,112.0,1.0,19.0,330.75,216.75,114.0,2.0,indianapolis colts,2021,0.0
5,6.0,1,2-4,0.0,houston texans,31.0,3.0,15.0,388.0,214.0,174.0,0.0,19.0,353.0,229.0,124.0,3.0,2.0,4.0,0.2,0.0,21.6,25.6,22.6,363.4,249.2,114.2,1.0,21.2,369.2,260.8,108.4,1.8,indianapolis colts,2021,0.0
6,7.0,1,3-4,1.0,san francisco 49ers,30.0,18.0,17.0,295.0,147.0,148.0,2.0,13.0,280.0,169.0,111.0,4.0,3.0,4.0,0.3333333333333333,0.0,23.166666666666668,21.833333333333332,21.333333333333332,367.5,243.33333333333334,124.16666666666667,0.8333333333333334,20.833333333333332,366.5,255.5,111.0,2.0,indianapolis colts,2021,0.0
7,8.0,0,3-5,0.0,tennessee titans,31.0,34.0,24.0,307.0,224.0,83.0,3.0,18.0,340.0,247.0,93.0,2.0,3.0,5.0,0.42857142857142855,0.0,24.142857142857142,21.285714285714285,20.714285714285715,357.14285714285717,229.57142857142858,127.57142857142857,1.0,19.714285714285715,354.14285714285717,243.14285714285714,111.0,2.2857142857142856,indianapolis colts,2021,0.0
8,9.0,1,4-5,0.0,new york jets,45.0,30.0,28.0,532.0,272.0,260.0,0.0,30.0,486.0,398.0,88.0,2.0,4.0,5.0,0.375,0.0,25.0,22.875,21.125,350.875,228.875,122.0,1.25,19.5,352.375,243.625,108.75,2.25,indianapolis colts,2021,1.0
9,10.0,1,5-5,0.0,jacksonville jaguars,23.0,17.0,15.0,295.0,168.0,127.0,0.0,15.0,331.0,152.0,179.0,1.0,5.0,5.0,0.4444444444444444,0.0,27.22222222222222,23.666666666666668,21.88888888888889,371.0,233.66666666666666,137.33333333333334,1.1111111111111112,20.666666666666668,367.22222222222223,260.77777777777777,106.44444444444444,2.2222222222222223,indianapolis colts,2021,0.0
10,11.0,1,6-5,1.0,buffalo bills,41.0,15.0,28.0,370.0,106.0,264.0,0.0,19.0,311.0,220.0,91.0,4.0,6.0,5.0,0.5,0.0,26.8,23.0,21.2,363.4,227.1,136.3,1.0,20.1,363.6,249.9,113.7,2.1,indianapolis colts,2021,0.0
0,1.0,0,0-1,1.0,houston texans,21.0,37.0,20.0,395.0,319.0,76.0,3.0,22.0,449.0,289.0,160.0,0.0,0.0,1.0,,,,,,,,,,,,,,,jacksonville jaguars,2021,0.0
1,2.0,0,0-2,0.0,denver broncos,13.0,23.0,12.0,189.0,114.0,75.0,2.0,22.0,398.0,302.0,96.0,0.0,0.0,2.0,0.0,,21.0,37.0,20.0,395.0,319.0,76.0,3.0,22.0,449.0,289.0,160.0,0.0,jacksonville jaguars,2021,0.0
2,3.0,0,0-3,0.0,arizona cardinals,19.0,31.0,20.0,361.0,202.0,159.0,4.0,23.0,407.0,316.0,91.0,1.0,0.0,3.0,0.0,,17.0,30.0,16.0,292.0,216.5,75.5,2.5,22.0,423.5,295.5,128.0,0.0,jacksonville jaguars,2021,0.0
3,4.0,0,0-4,1.0,cincinnati bengals,21.0,24.0,21.0,341.0,202.0,139.0,0.0,21.0,420.0,342.0,78.0,0.0,0.0,4.0,0.0,,17.666666666666668,30.333333333333332,17.333333333333332,315.0,211.66666666666666,103.33333333333333,3.0,22.333333333333332,418.0,302.3333333333333,115.66666666666667,0.3333333333333333,jacksonville jaguars,2021,1.0
4,5.0,0,0-5,0.0,tennessee titans,19.0,37.0,24.0,454.0,256.0,198.0,2.0,23.0,368.0,184.0,184.0,0.0,0.0,5.0,0.0,,18.5,28.75,18.25,321.5,209.25,112.25,2.25,22.0,418.5,312.25,106.25,0.25,jacksonville jaguars,2021,0.0
5,6.0,1,1-5,0.0,miami dolphins,23.0,20.0,21.0,396.0,312.0,84.0,1.0,23.0,431.0,354.0,77.0,1.0,1.0,5.0,0.0,,18.6,30.4,19.4,348.0,218.6,129.4,2.2,22.2,408.4,286.6,121.8,0.2,jacksonville jaguars,2021,0.0
7,8.0,0,1-6,1.0,seattle seahawks,7.0,31.0,20.0,309.0,227.0,82.0,1.0,17.0,229.0,160.0,69.0,0.0,1.0,6.0,0.16666666666666666,,19.333333333333332,28.666666666666668,19.666666666666668,356.0,234.16666666666666,121.83333333333333,2.0,22.333333333333332,412.1666666666667,297.8333333333333,114.33333333333333,0.3333333333333333,jacksonville jaguars,2021,0.0
8,9.0,1,2-6,0.0,buffalo bills,9.0,6.0,16.0,218.0,139.0,79.0,1.0,17.0,301.0,229.0,72.0,3.0,2.0,6.0,0.14285714285714285,,17.571428571428573,29.0,19.714285714285715,349.2857142857143,233.14285714285714,116.14285714285714,1.8571428571428572,21.571428571428573,386.0,278.14285714285717,107.85714285714286,0.2857142857142857,jacksonville jaguars,2021,0.0
9,10.0,0,2-7,1.0,indianapolis colts,17.0,23.0,15.0,331.0,152.0,179.0,1.0,15.0,295.0,168.0,127.0,0.0,2.0,7.0,0.25,,16.5,26.125,19.25,332.875,221.375,111.5,1.75,21.0,375.375,272.0,103.375,0.625,jacksonville jaguars,2021,0.0
10,11.0,0,2-8,0.0,san francisco 49ers,10.0,30.0,14.0,200.0,146.0,54.0,2.0,25.0,333.0,162.0,171.0,0.0,2.0,8.0,0.2222222222222222,,16.555555555555557,25.77777777777778,18.77777777777778,332.6666666666667,213.66666666666666,119.0,1.6666666666666667,20.333333333333332,366.44444444444446,260.44444444444446,106.0,0.5555555555555556,jacksonville jaguars,2021,0.0
0,1.0,1,1-0,0.0,jacksonville jaguars,37.0,21.0,22.0,449.0,289.0,160.0,0.0,20.0,395.0,319.0,76.0,3.0,1.0,0.0,,,,,,,,,,,,,,,houston texans,2021,0.0
1,2.0,0,1-1,1.0,cleveland browns,21.0,31.0,17.0,302.0,220.0,82.0,2.0,22.0,355.0,199.0,156.0,2.0,1.0,1.0,1.0,,37.0,21.0,22.0,449.0,289.0,160.0,0.0,20.0,395.0,319.0,76.0,3.0,houston texans,2021,0.0
2,3.0,0,1-2,0.0,carolina panthers,9.0,24.0,14.0,193.0,151.0,42.0,0.0,28.0,407.0,290.0,117.0,0.0,1.0,2.0,0.5,,29.0,26.0,19.5,375.5,254.5,121.0,1.0,21.0,375.0,259.0,116.0,2.5,houston texans,2021,1.0
3,4.0,0,1-3,1.0,buffalo bills,0.0,40.0,6.0,109.0,61.0,48.0,5.0,26.0,450.0,251.0,199.0,1.0,1.0,3.0,0.3333333333333333,,22.333333333333332,25.333333333333332,17.666666666666668,314.6666666666667,220.0,94.66666666666667,0.6666666666666666,23.333333333333332,385.6666666666667,269.3333333333333,116.33333333333333,1.6666666666666667,houston texans,2021,0.0
4,5.0,0,1-4,0.0,new england patriots,22.0,25.0,14.0,360.0,293.0,67.0,1.0,21.0,352.0,226.0,126.0,2.0,1.0,4.0,0.25,,16.75,29.0,14.75,263.25,180.25,83.0,1.75,24.0,401.75,264.75,137.0,1.5,houston texans,2021,0.0
5,6.0,0,1-5,1.0,indianapolis colts,3.0,31.0,19.0,353.0,229.0,124.0,3.0,15.0,388.0,214.0,174.0,0.0,1.0,5.0,0.2,,17.8,28.2,14.6,282.6,202.8,79.8,1.6,23.4,391.8,257.0,134.8,1.6,houston texans,2021,0.0
6,7.0,0,1-6,1.0,arizona cardinals,5.0,31.0,8.0,160.0,118.0,42.0,1.0,24.0,397.0,225.0,172.0,1.0,1.0,6.0,0.16666666666666666,,15.333333333333334,28.666666666666668,15.333333333333334,294.3333333333333,207.16666666666666,87.16666666666667,1.8333333333333333,22.0,391.1666666666667,249.83333333333334,141.33333333333334,1.3333333333333333,houston texans,2021,0.0
7,8.0,0,1-7,0.0,los angeles rams,22.0,38.0,18.0,323.0,279.0,44.0,1.0,26.0,467.0,302.0,165.0,0.0,1.0,7.0,0.14285714285714285,,13.857142857142858,29.0,14.285714285714286,275.14285714285717,194.42857142857142,80.71428571428571,1.7142857142857142,22.285714285714285,392.0,246.28571428571428,145.71428571428572,1.2857142857142858,houston texans,2021,0.0
8,9.0,0,1-8,1.0,miami dolphins,9.0,17.0,14.0,272.0,199.0,73.0,4.0,22.0,262.0,215.0,47.0,5.0,1.0,8.0,0.125,,14.875,30.125,14.75,281.125,205.0,76.125,1.625,22.75,401.375,253.25,148.125,1.125,houston texans,2021,0.0
10,11.0,1,2-8,1.0,tennessee titans,22.0,13.0,15.0,190.0,107.0,83.0,0.0,26.0,420.0,317.0,103.0,5.0,2.0,8.0,0.1111111111111111,,14.222222222222221,28.666666666666668,14.666666666666666,280.1111111111111,204.33333333333334,75.77777777777777,1.8888888888888888,22.666666666666668,385.8888888888889,249.0,136.88888888888889,1.5555555555555556,houston texans,2021,0.0
0,1.0,1,1-0,0.0,cleveland browns,33.0,29.0,21.0,397.0,324.0,73.0,0.0,24.0,457.0,304.0,153.0,2.0,1.0,0.0,,0.0,,,,,,,,,,,,,kansas city chiefs,2021,
1,2.0,0,1-1,1.0,baltimore ravens,35.0,36.0,22.0,405.0,343.0,62.0,2.0,31.0,481.0,230.0,251.0,2.0,1.0,1.0,1.0,0.0,33.0,29.0,21.0,397.0,324.0,73.0,0.0,24.0,457.0,304.0,153.0,2.0,kansas city chiefs,2021,
2,3.0,0,1-2,0.0,los angeles chargers,24.0,30.0,33.0,437.0,251.0,186.0,4.0,21.0,352.0,275.0,77.0,0.0,1.0,2.0,0.5,0.0,34.0,32.5,21.5,401.0,333.5,67.5,1.0,27.5,469.0,267.0,202.0,2.0,kansas city chiefs,2021,
3,4.0,1,2-2,1.0,philadelphia eagles,42.0,30.0,31.0,471.0,271.0,200.0,1.0,30.0,461.0,358.0,103.0,0.0,2.0,2.0,0.3333333333333333,0.0,30.666666666666668,31.666666666666668,25.333333333333332,413.0,306.0,107.0,2.0,25.333333333333332,430.0,269.6666666666667,160.33333333333334,1.3333333333333333,kansas city chiefs,2021,
4,5.0,0,2-3,0.0,buffalo bills,20.0,38.0,29.0,392.0,272.0,120.0,4.0,20.0,436.0,315.0,121.0,0.0,2.0,3.0,0.5,0.0,33.5,31.25,26.75,427.5,297.25,130.25,1.75,26.5,437.75,291.75,146.0,1.0,kansas city chiefs,2021,
5,6.0,1,3-3,1.0,washington football team,31.0,13.0,29.0,499.0,390.0,109.0,3.0,15.0,276.0,182.0,94.0,2.0,3.0,3.0,0.4,0.0,30.8,32.6,27.2,420.4,292.2,128.2,2.2,25.2,437.4,296.4,141.0,0.8,kansas city chiefs,2021,
6,7.0,0,3-4,1.0,tennessee titans,3.0,27.0,22.0,334.0,257.0,77.0,3.0,24.0,369.0,266.0,103.0,1.0,3.0,4.0,0.5,0.0,30.833333333333332,29.333333333333332,27.5,433.5,308.5,125.0,2.3333333333333335,23.5,410.5,277.3333333333333,133.16666666666666,1.0,kansas city chiefs,2021,
7,8.0,1,4-4,0.0,new york giants,20.0,17.0,29.0,368.0,261.0,107.0,2.0,18.0,300.0,228.0,72.0,1.0,4.0,4.0,0.42857142857142855,1.0,26.857142857142858,29.0,26.714285714285715,419.2857142857143,301.14285714285717,118.14285714285714,2.4285714285714284,23.571428571428573,404.57142857142856,275.7142857142857,128.85714285714286,1.0,kansas city chiefs,2021,
8,9.0,1,5-4,0.0,green bay packers,13.0,7.0,14.0,237.0,160.0,77.0,0.0,19.0,301.0,179.0,122.0,2.0,5.0,4.0,0.5,0.0,26.0,27.5,27.0,412.875,296.125,116.75,2.375,22.875,391.5,269.75,121.75,1.0,kansas city chiefs,2021,
9,10.0,1,6-4,1.0,las vegas raiders,41.0,14.0,29.0,516.0,422.0,94.0,1.0,15.0,299.0,249.0,50.0,2.0,6.0,4.0,0.5555555555555556,0.0,24.555555555555557,25.22222222222222,25.555555555555557,393.3333333333333,281.0,112.33333333333333,2.111111111111111,22.444444444444443,381.44444444444446,259.6666666666667,121.77777777777777,1.1111111111111112,kansas city chiefs,2021,
10,11.0,1,7-4,0.0,dallas cowboys,19.0,9.0,22.0,370.0,244.0,126.0,2.0,16.0,276.0,194.0,82.0,3.0,7.0,4.0,0.6,0.0,26.2,24.1,25.9,405.6,295.1,110.5,2.0,21.7,373.2,258.6,114.6,1.2,kansas city chiefs,2021,
0,1.0,1,1-0,1.0,washington football team,20.0,16.0,27.0,424.0,334.0,90.0,2.0,15.0,259.0,133.0,126.0,1.0,1.0,0.0,,0.0,,,,,,,,,,,,,los angeles chargers,2021,
1,2.0,0,1-1,0.0,dallas cowboys,17.0,20.0,24.0,408.0,313.0,95.0,2.0,25.0,419.0,221.0,198.0,1.0,1.0,1.0,1.0,0.0,20.0,16.0,27.0,424.0,334.0,90.0,2.0,15.0,259.0,133.0,126.0,1.0,los angeles chargers,2021,
2,3.0,1,2-1,1.0,kansas city chiefs,30.0,24.0,21.0,352.0,275.0,77.0,0.0,33.0,437.0,251.0,186.0,4.0,2.0,1.0,0.5,0.0,18.5,18.0,25.5,416.0,323.5,92.5,2.0,20.0,339.0,177.0,162.0,1.0,los angeles chargers,2021,
3,4.0,1,3-1,0.0,las vegas raiders,28.0,14.0,25.0,380.0,212.0,168.0,0.0,13.0,213.0,165.0,48.0,1.0,3.0,1.0,0.6666666666666666,1.0,22.333333333333332,20.0,24.0,394.6666666666667,307.3333333333333,87.33333333333333,1.3333333333333333,24.333333333333332,371.6666666666667,201.66666666666666,170.0,2.0,los angeles chargers,2021,
4,5.0,1,4-1,0.0,cleveland browns,47.0,42.0,27.0,493.0,381.0,112.0,1.0,25.0,531.0,301.0,230.0,0.0,4.0,1.0,0.75,0.0,23.75,18.5,24.25,391.0,283.5,107.5,1.0,21.5,332.0,192.5,139.5,1.75,los angeles chargers,2021,
5,6.0,0,4-2,1.0,baltimore ravens,6.0,34.0,14.0,208.0,182.0,26.0,1.0,27.0,327.0,140.0,187.0,2.0,4.0,2.0,0.8,0.0,28.4,23.2,24.8,411.4,303.0,108.4,1.0,22.2,371.8,214.2,157.6,1.4,los angeles chargers,2021,
7,8.0,0,4-3,0.0,new england patriots,24.0,27.0,17.0,369.0,206.0,163.0,2.0,21.0,352.0,210.0,142.0,1.0,4.0,3.0,0.6666666666666666,0.0,24.666666666666668,25.0,23.0,377.5,282.8333333333333,94.66666666666667,1.0,23.0,364.3333333333333,201.83333333333334,162.5,1.5,los angeles chargers,2021,
8,9.0,1,5-3,1.0,philadelphia eagles,27.0,24.0,28.0,445.0,356.0,89.0,0.0,20.0,331.0,155.0,176.0,0.0,5.0,3.0,0.5714285714285714,0.0,24.571428571428573,25.285714285714285,22.142857142857142,376.2857142857143,271.85714285714283,104.42857142857143,1.1428571428571428,22.714285714285715,362.57142857142856,203.0,159.57142857142858,1.4285714285714286,los angeles chargers,2021,
9,10.0,0,5-4,0.0,minnesota vikings,20.0,27.0,20.0,253.0,171.0,82.0,1.0,24.0,381.0,278.0,103.0,1.0,5.0,4.0,0.625,0.0,24.875,25.125,22.875,384.875,282.375,102.5,1.0,22.375,358.625,197.0,161.625,1.25,los angeles chargers,2021,
10,11.0,1,6-4,0.0,pittsburgh steelers,41.0,37.0,33.0,533.0,374.0,159.0,1.0,22.0,300.0,245.0,55.0,0.0,6.0,4.0,0.5555555555555556,0.0,24.333333333333332,25.333333333333332,22.555555555555557,370.22222222222223,270.0,100.22222222222223,1.0,22.555555555555557,361.1111111111111,206.0,155.11111111111111,1.2222222222222223,los angeles chargers,2021,
0,1.0,1.0,1-0,1.0,new york giants,27.0,13.0,24.0,420.0,255.0,165.0,1.0,19.0,314.0,254.0,60.0,1.0,1.0,0.0,,,,,,,,,,,,,,,denver broncos,2021,0.0
1,2.0,1.0,2-0,1.0,jacksonville jaguars,23.0,13.0,22.0,398.0,302.0,96.0,0.0,12.0,189.0,114.0,75.0,2.0,2.0,0.0,1.0,,27.0,13.0,24.0,420.0,255.0,165.0,1.0,19.0,314.0,254.0,60.0,1.0,denver broncos,2021,0.0
2,3.0,1.0,3-0,0.0,new york jets,26.0,0.0,23.0,343.0,223.0,120.0,1.0,11.0,162.0,119.0,43.0,2.0,3.0,0.0,1.0,,25.0,13.0,23.0,409.0,278.5,130.5,0.5,15.5,251.5,184.0,67.5,1.5,denver broncos,2021,0.0
3,4.0,0.0,3-1,0.0,baltimore ravens,7.0,23.0,15.0,254.0,148.0,106.0,1.0,20.0,406.0,304.0,102.0,0.0,3.0,1.0,1.0,,25.333333333333332,8.666666666666666,23.0,387.0,260.0,127.0,0.6666666666666666,14.0,221.66666666666666,162.33333333333334,59.333333333333336,1.6666666666666667,denver broncos,2021,0.0
4,5.0,0.0,3-2,1.0,pittsburgh steelers,19.0,27.0,17.0,374.0,268.0,106.0,1.0,19.0,391.0,244.0,147.0,1.0,3.0,2.0,0.75,,20.75,12.25,21.0,353.75,232.0,121.75,0.75,15.5,267.75,197.75,70.0,1.25,denver broncos,2021,0.0
5,6.0,0.0,3-3,0.0,las vegas raiders,24.0,34.0,25.0,421.0,309.0,112.0,4.0,16.0,426.0,340.0,86.0,0.0,3.0,3.0,0.6,,20.4,15.2,20.2,357.8,239.2,118.6,0.8,16.2,292.4,207.0,85.4,1.2,denver broncos,2021,0.0
6,7.0,0.0,3-4,1.0,cleveland browns,14.0,17.0,15.0,223.0,182.0,41.0,1.0,23.0,376.0,194.0,182.0,0.0,3.0,4.0,0.5,,21.0,18.333333333333332,21.0,368.3333333333333,250.83333333333334,117.5,1.3333333333333333,16.166666666666668,314.6666666666667,229.16666666666666,85.5,1.0,denver broncos,2021,1.0
7,8.0,1.0,4-4,0.0,washington football team,17.0,10.0,17.0,273.0,190.0,83.0,1.0,21.0,342.0,230.0,112.0,2.0,4.0,4.0,0.42857142857142855,,20.0,18.142857142857142,20.142857142857142,347.57142857142856,241.0,106.57142857142857,1.2857142857142858,17.142857142857142,323.42857142857144,224.14285714285714,99.28571428571429,0.8571428571428571,denver broncos,2021,0.0
8,9.0,1.0,5-4,1.0,dallas cowboys,30.0,16.0,23.0,407.0,217.0,190.0,0.0,14.0,290.0,212.0,78.0,2.0,5.0,4.0,0.5,,19.625,17.125,19.75,338.25,234.625,103.625,1.25,17.625,325.75,224.875,100.875,1.0,denver broncos,2021,0.0
9,10.0,0.0,5-5,0.0,philadelphia eagles,13.0,30.0,17.0,308.0,212.0,96.0,1.0,22.0,386.0,170.0,216.0,1.0,5.0,5.0,0.5555555555555556,,20.77777777777778,17.0,20.11111111111111,345.8888888888889,232.66666666666666,113.22222222222223,1.1111111111111112,17.22222222222222,321.77777777777777,223.44444444444446,98.33333333333333,1.1111111111111112,denver broncos,2021,0.0
0,1.0,1,1-0,0.0,baltimore ravens,33.0,27.0,26.0,491.0,409.0,82.0,1.0,20.0,406.0,217.0,189.0,2.0,1.0,0.0,,1.0,,,,,,,,,,,,,las vegas raiders,2021,
1,2.0,1,2-0,1.0,pittsburgh steelers,26.0,17.0,22.0,425.0,373.0,52.0,0.0,17.0,331.0,292.0,39.0,1.0,2.0,0.0,1.0,0.0,33.0,27.0,26.0,491.0,409.0,82.0,1.0,20.0,406.0,217.0,189.0,2.0,las vegas raiders,2021,
2,3.0,1,3-0,0.0,miami dolphins,31.0,28.0,28.0,497.0,357.0,140.0,1.0,22.0,330.0,197.0,133.0,0.0,3.0,0.0,1.0,0.0,29.5,22.0,24.0,458.0,391.0,67.0,0.5,18.5,368.5,254.5,114.0,1.5,las vegas raiders,2021,
3,4.0,0,3-1,1.0,los angeles chargers,14.0,28.0,13.0,213.0,165.0,48.0,1.0,25.0,380.0,212.0,168.0,0.0,3.0,1.0,1.0,1.0,30.0,24.0,25.333333333333332,471.0,379.6666666666667,91.33333333333333,0.6666666666666666,19.666666666666668,355.6666666666667,235.33333333333334,120.33333333333333,1.0,las vegas raiders,2021,
4,5.0,0,3-2,0.0,chicago bears,9.0,20.0,16.0,259.0,188.0,71.0,1.0,19.0,252.0,109.0,143.0,0.0,3.0,2.0,0.75,0.0,26.0,25.0,22.25,406.5,326.0,80.5,0.75,21.0,361.75,229.5,132.25,0.75,las vegas raiders,2021,
5,6.0,1,4-2,1.0,denver broncos,34.0,24.0,16.0,426.0,340.0,86.0,0.0,25.0,421.0,309.0,112.0,4.0,4.0,2.0,0.6,0.0,22.6,24.0,21.0,377.0,298.4,78.6,0.8,20.6,339.8,205.4,134.4,0.6,las vegas raiders,2021,
6,7.0,1,5-2,0.0,philadelphia eagles,33.0,22.0,23.0,442.0,323.0,119.0,1.0,22.0,358.0,223.0,135.0,2.0,5.0,2.0,0.6666666666666666,0.0,24.5,24.0,20.166666666666668,385.1666666666667,305.3333333333333,79.83333333333333,0.6666666666666666,21.333333333333332,353.3333333333333,222.66666666666666,130.66666666666666,1.1666666666666667,las vegas raiders,2021,
8,9.0,0,5-3,1.0,new york giants,16.0,23.0,24.0,403.0,286.0,117.0,3.0,16.0,247.0,98.0,149.0,1.0,5.0,3.0,0.7142857142857143,0.0,25.714285714285715,23.714285714285715,20.571428571428573,393.2857142857143,307.85714285714283,85.42857142857143,0.7142857142857143,21.428571428571427,354.0,222.71428571428572,131.28571428571428,1.2857142857142858,las vegas raiders,2021,
9,10.0,0,5-4,0.0,kansas city chiefs,14.0,41.0,15.0,299.0,249.0,50.0,2.0,29.0,516.0,422.0,94.0,1.0,5.0,4.0,0.625,0.0,24.5,23.625,21.0,394.5,305.125,89.375,1.0,20.75,340.625,207.125,133.5,1.25,las vegas raiders,2021,
10,11.0,0,5-5,0.0,cincinnati bengals,13.0,32.0,13.0,278.0,206.0,72.0,2.0,23.0,288.0,129.0,159.0,1.0,5.0,5.0,0.5555555555555556,0.0,23.333333333333332,25.555555555555557,20.333333333333332,383.8888888888889,298.8888888888889,85.0,1.1111111111111112,21.666666666666668,360.1111111111111,231.0,129.11111111111111,1.2222222222222223,las vegas raiders,2021,
0,1.0,1,1-0,1.0,atlanta falcons,32.0,6.0,24.0,434.0,261.0,173.0,0.0,19.0,260.0,136.0,124.0,0.0,1.0,0.0,,0.0,,,,,,,,,,,,,philadelphia eagles,2021,0.0
1,2.0,0,1-1,0.0,san francisco 49ers,11.0,17.0,18.0,328.0,177.0,151.0,0.0,23.0,306.0,189.0,117.0,0.0,1.0,1.0,1.0,0.0,32.0,6.0,24.0,434.0,261.0,173.0,0.0,19.0,260.0,136.0,124.0,0.0,philadelphia eagles,2021,0.0
2,3.0,0,1-2,1.0,dallas cowboys,21.0,41.0,12.0,367.0,303.0,64.0,2.0,27.0,380.0,220.0,160.0,1.0,1.0,2.0,0.5,1.0,21.5,11.5,21.0,381.0,219.0,162.0,0.0,21.0,283.0,162.5,120.5,0.0,philadelphia eagles,2021,0.0
3,4.0,0,1-3,0.0,kansas city chiefs,30.0,42.0,30.0,461.0,358.0,103.0,0.0,31.0,471.0,271.0,200.0,1.0,1.0,3.0,0.3333333333333333,0.0,21.333333333333332,21.333333333333332,18.0,376.3333333333333,247.0,129.33333333333334,0.6666666666666666,23.0,315.3333333333333,181.66666666666666,133.66666666666666,0.3333333333333333,philadelphia eagles,2021,0.0
4,5.0,1,2-3,1.0,carolina panthers,21.0,18.0,15.0,273.0,182.0,91.0,2.0,17.0,267.0,158.0,109.0,3.0,2.0,3.0,0.25,0.0,23.5,26.5,21.0,397.5,274.75,122.75,0.5,25.0,354.25,204.0,150.25,0.5,philadelphia eagles,2021,0.0
5,6.0,0,2-4,0.0,tampa bay buccaneers,22.0,28.0,16.0,213.0,113.0,100.0,1.0,27.0,399.0,297.0,102.0,1.0,2.0,4.0,0.4,0.0,23.0,24.8,19.8,372.6,256.2,116.4,0.8,23.4,336.8,194.8,142.0,1.0,philadelphia eagles,2021,1.0
6,7.0,0,2-5,1.0,las vegas raiders,22.0,33.0,22.0,358.0,223.0,135.0,2.0,23.0,442.0,323.0,119.0,1.0,2.0,5.0,0.3333333333333333,0.0,22.833333333333332,25.333333333333332,19.166666666666668,346.0,232.33333333333334,113.66666666666667,0.8333333333333334,24.0,347.1666666666667,211.83333333333334,135.33333333333334,1.0,philadelphia eagles,2021,0.0
7,8.0,1,3-5,1.0,detroit lions,44.0,6.0,27.0,350.0,114.0,236.0,0.0,15.0,228.0,171.0,57.0,1.0,3.0,5.0,0.2857142857142857,0.0,22.714285714285715,26.428571428571427,19.571428571428573,347.7142857142857,231.0,116.71428571428571,1.0,23.857142857142858,360.7142857142857,227.71428571428572,133.0,1.0,philadelphia eagles,2021,0.0
8,9.0,0,3-6,0.0,los angeles chargers,24.0,27.0,20.0,331.0,155.0,176.0,0.0,28.0,445.0,356.0,89.0,0.0,3.0,6.0,0.375,0.0,25.375,23.875,20.5,348.0,216.375,131.625,0.875,22.75,344.125,220.625,123.5,1.0,philadelphia eagles,2021,0.0
9,10.0,1,4-6,1.0,denver broncos,30.0,13.0,22.0,386.0,170.0,216.0,1.0,17.0,308.0,212.0,96.0,1.0,4.0,6.0,0.3333333333333333,0.0,25.22222222222222,24.22222222222222,20.444444444444443,346.1111111111111,209.55555555555554,136.55555555555554,0.7777777777777778,23.333333333333332,355.3333333333333,235.66666666666666,119.66666666666667,0.8888888888888888,philadelphia eagles,2021,0.0
10,11.0,1,5-6,0.0,new orleans saints,40.0,29.0,21.0,380.0,138.0,242.0,1.0,18.0,323.0,214.0,109.0,3.0,5.0,6.0,0.4,0.0,25.7,23.1,20.6,350.1,205.6,144.5,0.8,22.7,350.6,233.3,117.3,0.9,philadelphia eagles,2021,0.0
0,1.0,0,0-1,1.0,tampa bay buccaneers,29.0,31.0,30.0,451.0,391.0,60.0,1.0,24.0,431.0,379.0,52.0,4.0,0.0,1.0,,0.0,,,,,,,,,,,,,dallas cowboys,2021,1.0
1,2.0,1,1-1,1.0,los angeles chargers,20.0,17.0,25.0,419.0,221.0,198.0,1.0,24.0,408.0,313.0,95.0,2.0,1.0,1.0,0.0,0.0,29.0,31.0,30.0,451.0,391.0,60.0,1.0,24.0,431.0,379.0,52.0,4.0,dallas cowboys,2021,0.0
2,3.0,1,2-1,0.0,philadelphia eagles,41.0,21.0,27.0,380.0,220.0,160.0,1.0,12.0,367.0,303.0,64.0,2.0,2.0,1.0,0.5,1.0,24.5,24.0,27.5,435.0,306.0,129.0,1.0,24.0,419.5,346.0,73.5,3.0,dallas cowboys,2021,0.0
3,4.0,1,3-1,0.0,carolina panthers,36.0,28.0,24.0,433.0,188.0,245.0,0.0,24.0,379.0,266.0,113.0,2.0,3.0,1.0,0.6666666666666666,0.0,30.0,23.0,27.333333333333332,416.6666666666667,277.3333333333333,139.33333333333334,1.0,20.0,402.0,331.6666666666667,70.33333333333333,2.6666666666666665,dallas cowboys,2021,0.0
4,5.0,1,4-1,0.0,new york giants,44.0,20.0,26.0,515.0,314.0,201.0,2.0,20.0,367.0,294.0,73.0,2.0,4.0,1.0,0.75,0.0,31.5,24.25,26.5,420.75,255.0,165.75,0.75,21.0,396.25,315.25,81.0,2.5,dallas cowboys,2021,0.0
5,6.0,1,5-1,1.0,new england patriots,35.0,29.0,32.0,567.0,445.0,122.0,2.0,17.0,335.0,215.0,120.0,2.0,5.0,1.0,0.8,0.0,34.0,23.4,26.4,439.6,266.8,172.8,1.0,20.8,390.4,311.0,79.4,2.4,dallas cowboys,2021,0.0
7,8.0,1,6-1,1.0,minnesota vikings,20.0,16.0,23.0,419.0,341.0,78.0,2.0,17.0,278.0,177.0,101.0,0.0,6.0,1.0,0.8333333333333334,0.0,34.166666666666664,24.333333333333332,27.333333333333332,460.8333333333333,296.5,164.33333333333334,1.1666666666666667,20.166666666666668,381.1666666666667,295.0,86.16666666666667,2.3333333333333335,dallas cowboys,2021,0.0
8,9.0,0,6-2,0.0,denver broncos,16.0,30.0,14.0,290.0,212.0,78.0,2.0,23.0,407.0,217.0,190.0,0.0,6.0,2.0,0.8571428571428571,0.0,32.142857142857146,23.142857142857142,26.714285714285715,454.85714285714283,302.85714285714283,152.0,1.2857142857142858,19.714285714285715,366.42857142857144,278.14285714285717,88.28571428571429,2.0,dallas cowboys,2021,0.0
9,10.0,1,7-2,0.0,atlanta falcons,43.0,3.0,22.0,431.0,317.0,114.0,1.0,11.0,214.0,111.0,103.0,3.0,7.0,2.0,0.75,0.0,30.125,24.0,25.125,434.25,291.5,142.75,1.375,20.125,371.5,270.5,101.0,1.75,dallas cowboys,2021,0.0
10,11.0,0,7-3,1.0,kansas city chiefs,9.0,19.0,16.0,276.0,194.0,82.0,3.0,22.0,370.0,244.0,126.0,2.0,7.0,3.0,0.7777777777777778,0.0,31.555555555555557,21.666666666666668,24.77777777777778,433.8888888888889,294.3333333333333,139.55555555555554,1.3333333333333333,19.11111111111111,354.0,252.77777777777777,101.22222222222223,1.8888888888888888,dallas cowboys,2021,0.0
0,1.0,0,0-1,0.0,denver broncos,13.0,27.0,19.0,314.0,254.0,60.0,1.0,24.0,420.0,255.0,165.0,1.0,0.0,1.0,,0.0,,,,,,,,,,,,,new york giants,2021,0.0
1,2.0,0,0-2,1.0,washington football team,29.0,30.0,21.0,391.0,228.0,163.0,0.0,25.0,407.0,320.0,87.0,1.0,0.0,2.0,0.0,0.0,13.0,27.0,19.0,314.0,254.0,60.0,1.0,24.0,420.0,255.0,165.0,1.0,new york giants,2021,1.0
2,3.0,0,0-3,0.0,atlanta falcons,14.0,17.0,21.0,346.0,246.0,100.0,1.0,18.0,296.0,227.0,69.0,1.0,0.0,3.0,0.0,0.0,21.0,28.5,20.0,352.5,241.0,111.5,0.5,24.5,413.5,287.5,126.0,1.0,new york giants,2021,0.0
3,4.0,1,1-3,1.0,new orleans saints,27.0,21.0,21.0,485.0,402.0,83.0,1.0,21.0,405.0,235.0,170.0,1.0,1.0,3.0,0.0,0.0,18.666666666666668,24.666666666666668,20.333333333333332,350.3333333333333,242.66666666666666,107.66666666666667,0.6666666666666666,22.333333333333332,374.3333333333333,267.3333333333333,107.0,1.0,new york giants,2021,0.0
4,5.0,0,1-4,1.0,dallas cowboys,20.0,44.0,20.0,367.0,294.0,73.0,2.0,26.0,515.0,314.0,201.0,2.0,1.0,4.0,0.25,0.0,20.75,23.75,20.5,384.0,282.5,101.5,0.75,22.0,382.0,259.25,122.75,1.0,new york giants,2021,0.0
5,6.0,0,1-5,0.0,los angeles rams,11.0,38.0,21.0,261.0,201.0,60.0,4.0,22.0,365.0,234.0,131.0,2.0,1.0,5.0,0.2,0.0,20.6,27.8,20.4,380.6,284.8,95.8,1.0,22.8,408.6,270.2,138.4,1.2,new york giants,2021,0.0
6,7.0,1,2-5,0.0,carolina panthers,25.0,3.0,21.0,302.0,199.0,103.0,0.0,11.0,173.0,117.0,56.0,1.0,2.0,5.0,0.16666666666666666,0.0,19.0,29.5,20.5,360.6666666666667,270.8333333333333,89.83333333333333,1.5,22.666666666666668,401.3333333333333,264.1666666666667,137.16666666666666,1.3333333333333333,new york giants,2021,0.0
7,8.0,0,2-6,1.0,kansas city chiefs,17.0,20.0,18.0,300.0,228.0,72.0,1.0,29.0,368.0,261.0,107.0,2.0,2.0,6.0,0.2857142857142857,1.0,19.857142857142858,25.714285714285715,20.571428571428573,352.2857142857143,260.57142857142856,91.71428571428571,1.2857142857142858,21.0,368.7142857142857,243.14285714285714,125.57142857142857,1.2857142857142858,new york giants,2021,0.0
8,9.0,1,3-6,0.0,las vegas raiders,23.0,16.0,16.0,247.0,98.0,149.0,1.0,24.0,403.0,286.0,117.0,3.0,3.0,6.0,0.25,0.0,19.5,25.0,20.25,345.75,256.5,89.25,1.25,22.0,368.625,245.375,123.25,1.375,new york giants,2021,0.0
10,11.0,0,3-7,1.0,tampa bay buccaneers,10.0,30.0,15.0,215.0,149.0,66.0,3.0,28.0,402.0,308.0,94.0,1.0,3.0,7.0,0.3333333333333333,1.0,19.88888888888889,24.0,19.77777777777778,334.77777777777777,238.88888888888889,95.88888888888889,1.2222222222222223,22.22222222222222,372.44444444444446,249.88888888888889,122.55555555555556,1.5555555555555556,new york giants,2021,0.0
0,1.0,0,0-1,0.0,los angeles chargers,16.0,20.0,15.0,259.0,133.0,126.0,1.0,27.0,424.0,334.0,90.0,2.0,0.0,1.0,,,,,,,,,,,,,,,washington commanders,2021,0.0
1,2.0,1,1-1,0.0,new york giants,30.0,29.0,25.0,407.0,320.0,87.0,1.0,21.0,391.0,228.0,163.0,0.0,1.0,1.0,0.0,,16.0,20.0,15.0,259.0,133.0,126.0,1.0,27.0,424.0,334.0,90.0,2.0,washington commanders,2021,1.0
2,3.0,0,1-2,1.0,buffalo bills,21.0,43.0,13.0,290.0,212.0,78.0,3.0,29.0,481.0,359.0,122.0,0.0,1.0,2.0,0.5,,23.0,24.5,20.0,333.0,226.5,106.5,1.0,24.0,407.5,281.0,126.5,1.0,washington commanders,2021,0.0
3,4.0,1,2-2,1.0,atlanta falcons,34.0,30.0,26.0,412.0,290.0,122.0,0.0,24.0,374.0,275.0,99.0,0.0,2.0,2.0,0.3333333333333333,,22.333333333333332,30.666666666666668,17.666666666666668,318.6666666666667,221.66666666666666,97.0,1.6666666666666667,25.666666666666668,432.0,307.0,125.0,0.6666666666666666,washington commanders,2021,0.0
4,5.0,0,2-3,0.0,new orleans saints,22.0,33.0,26.0,373.0,242.0,131.0,2.0,18.0,369.0,271.0,98.0,2.0,2.0,3.0,0.5,,25.25,30.5,19.75,342.0,238.75,103.25,1.25,25.25,417.5,299.0,118.5,0.5,washington commanders,2021,0.0
5,6.0,0,2-4,0.0,kansas city chiefs,13.0,31.0,15.0,276.0,182.0,94.0,2.0,29.0,499.0,390.0,109.0,3.0,2.0,4.0,0.4,,24.6,31.0,21.0,348.2,239.4,108.8,1.4,23.8,407.8,293.4,114.4,0.8,washington commanders,2021,0.0
6,7.0,0,2-5,1.0,green bay packers,10.0,24.0,25.0,430.0,235.0,195.0,2.0,19.0,304.0,247.0,57.0,1.0,2.0,5.0,0.3333333333333333,,22.666666666666668,31.0,20.0,336.1666666666667,229.83333333333334,106.33333333333333,1.5,24.666666666666668,423.0,309.5,113.5,1.1666666666666667,washington commanders,2021,0.0
7,8.0,0,2-6,1.0,denver broncos,10.0,17.0,21.0,342.0,230.0,112.0,2.0,17.0,273.0,190.0,83.0,1.0,2.0,6.0,0.2857142857142857,,20.857142857142858,30.0,20.714285714285715,349.57142857142856,230.57142857142858,119.0,1.5714285714285714,23.857142857142858,406.0,300.57142857142856,105.42857142857143,1.1428571428571428,washington commanders,2021,0.0
9,10.0,1,3-6,0.0,tampa bay buccaneers,29.0,19.0,23.0,320.0,226.0,94.0,1.0,14.0,273.0,220.0,53.0,2.0,3.0,6.0,0.25,,19.5,28.375,20.75,348.625,230.5,118.125,1.625,23.0,389.375,286.75,102.625,1.125,washington commanders,2021,0.0
10,11.0,1,4-6,1.0,carolina panthers,27.0,21.0,24.0,369.0,179.0,190.0,1.0,18.0,297.0,186.0,111.0,0.0,4.0,6.0,0.3333333333333333,,20.555555555555557,27.333333333333332,21.0,345.44444444444446,230.0,115.44444444444444,1.5555555555555556,22.0,376.44444444444446,279.3333333333333,97.11111111111111,1.2222222222222223,washington commanders,2021,0.0
0,1.0,0,0-1,1.0,cincinnati bengals,24.0,27.0,24.0,403.0,336.0,67.0,1.0,20.0,366.0,217.0,149.0,0.0,0.0,1.0,,,,,,,,,,,,,,,minnesota vikings,2021,
1,2.0,0,0-2,1.0,arizona cardinals,33.0,34.0,22.0,419.0,242.0,177.0,0.0,21.0,474.0,371.0,103.0,2.0,0.0,2.0,0.0,,24.0,27.0,24.0,403.0,336.0,67.0,1.0,20.0,366.0,217.0,149.0,0.0,minnesota vikings,2021,
2,3.0,1,1-2,0.0,seattle seahawks,30.0,17.0,28.0,453.0,313.0,140.0,0.0,21.0,389.0,283.0,106.0,0.0,1.0,2.0,0.0,,28.5,30.5,23.0,411.0,289.0,122.0,0.5,20.5,420.0,294.0,126.0,1.0,minnesota vikings,2021,
3,4.0,0,1-3,0.0,cleveland browns,7.0,14.0,16.0,255.0,190.0,65.0,1.0,20.0,327.0,143.0,184.0,0.0,1.0,3.0,0.3333333333333333,,29.0,26.0,24.666666666666668,425.0,297.0,128.0,0.3333333333333333,20.666666666666668,409.6666666666667,290.3333333333333,119.33333333333333,0.6666666666666666,minnesota vikings,2021,
4,5.0,1,2-3,0.0,detroit lions,19.0,17.0,18.0,384.0,264.0,120.0,2.0,22.0,288.0,180.0,108.0,2.0,2.0,3.0,0.25,,23.5,23.0,22.5,382.5,270.25,112.25,0.5,20.5,389.0,253.5,135.5,0.5,minnesota vikings,2021,
5,6.0,1,3-3,1.0,carolina panthers,34.0,28.0,26.0,571.0,373.0,198.0,1.0,20.0,306.0,188.0,118.0,3.0,3.0,3.0,0.4,,22.6,21.8,21.6,382.8,269.0,113.8,0.8,20.8,368.8,238.8,130.0,0.8,minnesota vikings,2021,
7,8.0,0,3-4,0.0,dallas cowboys,16.0,20.0,17.0,278.0,177.0,101.0,0.0,23.0,419.0,341.0,78.0,2.0,3.0,4.0,0.5,,24.5,22.833333333333332,22.333333333333332,414.1666666666667,286.3333333333333,127.83333333333333,0.8333333333333334,20.666666666666668,358.3333333333333,230.33333333333334,128.0,1.1666666666666667,minnesota vikings,2021,
8,9.0,0,3-5,1.0,baltimore ravens,31.0,34.0,13.0,318.0,187.0,131.0,0.0,36.0,500.0,253.0,247.0,2.0,3.0,5.0,0.42857142857142855,,23.285714285714285,22.428571428571427,21.571428571428573,394.7142857142857,270.7142857142857,124.0,0.7142857142857143,21.0,367.0,246.14285714285714,120.85714285714286,1.2857142857142858,minnesota vikings,2021,
9,10.0,1,4-5,1.0,los angeles chargers,27.0,20.0,24.0,381.0,278.0,103.0,1.0,20.0,253.0,171.0,82.0,1.0,4.0,5.0,0.375,,24.25,23.875,20.5,385.125,260.25,124.875,0.625,22.875,383.625,247.0,136.625,1.375,minnesota vikings,2021,
10,11.0,1,5-5,0.0,green bay packers,34.0,31.0,25.0,408.0,318.0,90.0,0.0,21.0,467.0,372.0,95.0,0.0,5.0,5.0,0.4444444444444444,,24.555555555555557,23.444444444444443,20.88888888888889,384.6666666666667,262.22222222222223,122.44444444444444,0.6666666666666666,22.555555555555557,369.1111111111111,238.55555555555554,130.55555555555554,1.3333333333333333,minnesota vikings,2021,
0,1.0,0,0-1,1.0,new orleans saints,3.0,38.0,14.0,229.0,186.0,43.0,3.0,22.0,322.0,151.0,171.0,0.0,0.0,1.0,,0.0,,,,,,,,,,,,,greenbay packers,2021,0.0
1,2.0,1,1-1,0.0,detroit lions,35.0,17.0,25.0,323.0,227.0,96.0,0.0,19.0,344.0,236.0,108.0,2.0,1.0,1.0,0.0,1.0,3.0,38.0,14.0,229.0,186.0,43.0,3.0,22.0,322.0,151.0,171.0,0.0,greenbay packers,2021,0.0
2,3.0,1,2-1,1.0,san francisco 49ers,30.0,28.0,21.0,353.0,253.0,100.0,0.0,26.0,298.0,231.0,67.0,2.0,2.0,1.0,0.5,0.0,19.0,27.5,19.5,276.0,206.5,69.5,1.5,20.5,333.0,193.5,139.5,1.0,greenbay packers,2021,0.0
3,4.0,1,3-1,0.0,pittsburgh steelers,27.0,17.0,23.0,367.0,236.0,131.0,1.0,17.0,282.0,220.0,62.0,2.0,3.0,1.0,0.6666666666666666,0.0,22.666666666666668,27.666666666666668,20.0,301.6666666666667,222.0,79.66666666666667,1.0,22.333333333333332,321.3333333333333,206.0,115.33333333333333,1.3333333333333333,greenbay packers,2021,0.0
4,5.0,1,4-1,1.0,cincinnati bengals,25.0,22.0,21.0,466.0,333.0,133.0,1.0,18.0,367.0,264.0,103.0,2.0,4.0,1.0,0.75,0.0,23.75,25.0,20.75,318.0,225.5,92.5,1.0,21.0,311.5,209.5,102.0,1.5,greenbay packers,2021,0.0
5,6.0,1,5-1,1.0,chicago bears,24.0,14.0,22.0,323.0,169.0,154.0,0.0,21.0,277.0,137.0,140.0,1.0,5.0,1.0,0.8,0.0,24.0,24.4,20.8,347.6,247.0,100.6,1.0,20.4,322.6,220.4,102.2,1.6,greenbay packers,2021,0.0
6,7.0,1,6-1,0.0,washington football team,24.0,10.0,19.0,304.0,247.0,57.0,1.0,25.0,430.0,235.0,195.0,2.0,6.0,1.0,0.8333333333333334,0.0,24.0,22.666666666666668,21.0,343.5,234.0,109.5,0.8333333333333334,20.5,315.0,206.5,108.5,1.5,greenbay packers,2021,0.0
7,8.0,1,7-1,1.0,arizona cardinals,24.0,21.0,24.0,335.0,184.0,151.0,0.0,22.0,334.0,260.0,74.0,3.0,7.0,1.0,0.8571428571428571,0.0,24.0,20.857142857142858,20.714285714285715,337.85714285714283,235.85714285714286,102.0,0.8571428571428571,21.142857142857142,331.42857142857144,210.57142857142858,120.85714285714286,1.5714285714285714,greenbay packers,2021,1.0
8,9.0,0,7-2,1.0,kansas city chiefs,7.0,13.0,19.0,301.0,179.0,122.0,2.0,14.0,237.0,160.0,77.0,0.0,7.0,2.0,0.875,0.0,24.0,20.875,21.125,337.5,229.375,108.125,0.75,21.25,331.75,216.75,115.0,1.75,greenbay packers,2021,0.0
9,10.0,1,8-2,0.0,seattle seahawks,17.0,0.0,22.0,393.0,287.0,106.0,1.0,15.0,208.0,133.0,75.0,2.0,8.0,2.0,0.7777777777777778,0.0,22.11111111111111,20.0,20.88888888888889,333.44444444444446,223.77777777777777,109.66666666666667,0.8888888888888888,20.444444444444443,321.22222222222223,210.44444444444446,110.77777777777777,1.5555555555555556,greenbay packers,2021,0.0
10,11.0,0,8-3,1.0,minnesota vikings,31.0,34.0,21.0,467.0,372.0,95.0,0.0,25.0,408.0,318.0,90.0,0.0,8.0,3.0,0.8,0.0,21.6,18.0,21.0,339.4,230.1,109.3,0.9,19.9,309.9,202.7,107.2,1.6,greenbay packers,2021,0.0
0,1.0,0,0-1,1.0,los angeles rams,14.0,34.0,24.0,322.0,188.0,134.0,2.0,18.0,386.0,312.0,74.0,0.0,0.0,1.0,,0.0,,,,,,,,,,,,,chicago bears,2021,
1,2.0,1,1-1,0.0,cincinnati bengals,20.0,17.0,16.0,206.0,83.0,123.0,1.0,14.0,248.0,179.0,69.0,4.0,1.0,1.0,0.0,0.0,14.0,34.0,24.0,322.0,188.0,134.0,2.0,18.0,386.0,312.0,74.0,0.0,chicago bears,2021,
2,3.0,0,1-2,1.0,cleveland browns,6.0,26.0,6.0,47.0,1.0,46.0,0.0,26.0,418.0,203.0,215.0,0.0,1.0,2.0,0.5,0.0,17.0,25.5,20.0,264.0,135.5,128.5,1.5,16.0,317.0,245.5,71.5,2.0,chicago bears,2021,
3,4.0,1,2-2,0.0,detroit lions,24.0,14.0,20.0,373.0,185.0,188.0,1.0,23.0,351.0,261.0,90.0,2.0,2.0,2.0,0.3333333333333333,0.0,13.333333333333334,25.666666666666668,15.333333333333334,191.66666666666666,90.66666666666667,101.0,1.0,19.333333333333332,350.6666666666667,231.33333333333334,119.33333333333333,1.3333333333333333,chicago bears,2021,
4,5.0,1,3-2,1.0,las vegas raiders,20.0,9.0,19.0,252.0,109.0,143.0,0.0,16.0,259.0,188.0,71.0,1.0,3.0,2.0,0.5,0.0,16.0,22.75,16.5,237.0,114.25,122.75,1.0,20.25,350.75,238.75,112.0,1.5,chicago bears,2021,
5,6.0,0,3-3,0.0,green bay packers,14.0,24.0,21.0,277.0,137.0,140.0,1.0,22.0,323.0,169.0,154.0,0.0,3.0,3.0,0.6,0.0,16.8,20.0,17.0,240.0,113.2,126.8,0.8,19.4,332.4,228.6,103.8,1.4,chicago bears,2021,
6,7.0,0,3-4,1.0,tampa bay buccaneers,3.0,38.0,17.0,311.0,168.0,143.0,5.0,28.0,408.0,226.0,182.0,1.0,3.0,4.0,0.5,0.0,16.333333333333332,20.666666666666668,17.666666666666668,246.16666666666666,117.16666666666667,129.0,0.8333333333333334,19.833333333333332,330.8333333333333,218.66666666666666,112.16666666666667,1.1666666666666667,chicago bears,2021,
7,8.0,0,3-5,0.0,san francisco 49ers,22.0,33.0,22.0,324.0,148.0,176.0,1.0,21.0,467.0,322.0,145.0,0.0,3.0,5.0,0.42857142857142855,0.0,14.428571428571429,23.142857142857142,17.571428571428573,255.42857142857142,124.42857142857143,131.0,1.4285714285714286,21.0,341.85714285714283,219.71428571428572,122.14285714285714,1.1428571428571428,chicago bears,2021,
8,9.0,0,3-6,1.0,pittsburgh steelers,27.0,29.0,20.0,414.0,278.0,136.0,2.0,20.0,280.0,175.0,105.0,1.0,3.0,6.0,0.375,1.0,15.375,24.375,18.125,264.0,127.375,136.625,1.375,21.0,357.5,232.5,125.0,1.0,chicago bears,2021,
10,11.0,0,3-7,0.0,baltimore ravens,13.0,16.0,14.0,353.0,261.0,92.0,1.0,23.0,299.0,176.0,123.0,1.0,3.0,7.0,0.3333333333333333,0.0,16.666666666666668,24.88888888888889,18.333333333333332,280.6666666666667,144.11111111111111,136.55555555555554,1.4444444444444444,20.88888888888889,348.8888888888889,226.11111111111111,122.77777777777777,1.0,chicago bears,2021,
0,1.0,0,0-1,0.0,san francisco 49ers,33.0,41.0,31.0,430.0,314.0,116.0,1.0,21.0,442.0,311.0,131.0,2.0,0.0,1.0,,0.0,,,,,,,,,,,,,detroit lions,2021,
1,2.0,0,0-2,1.0,green bay packers,17.0,35.0,19.0,344.0,236.0,108.0,2.0,25.0,323.0,227.0,96.0,0.0,0.0,2.0,0.0,1.0,33.0,41.0,31.0,430.0,314.0,116.0,1.0,21.0,442.0,311.0,131.0,2.0,detroit lions,2021,
2,3.0,0,0-3,0.0,baltimore ravens,17.0,19.0,22.0,285.0,192.0,93.0,0.0,15.0,387.0,271.0,116.0,1.0,0.0,3.0,0.0,0.0,25.0,38.0,25.0,387.0,275.0,112.0,1.5,23.0,382.5,269.0,113.5,1.0,detroit lions,2021,
3,4.0,0,0-4,1.0,chicago bears,14.0,24.0,23.0,351.0,261.0,90.0,2.0,20.0,373.0,185.0,188.0,1.0,0.0,4.0,0.0,0.0,22.333333333333332,31.666666666666668,24.0,353.0,247.33333333333334,105.66666666666667,1.0,20.333333333333332,384.0,269.6666666666667,114.33333333333333,1.0,detroit lions,2021,
4,5.0,0,0-5,1.0,minnesota vikings,17.0,19.0,22.0,288.0,180.0,108.0,2.0,18.0,384.0,264.0,120.0,2.0,0.0,5.0,0.0,0.0,20.25,29.75,23.75,352.5,250.75,101.75,1.25,20.25,381.25,248.5,132.75,1.0,detroit lions,2021,
5,6.0,0,0-6,0.0,cincinnati bengals,11.0,34.0,15.0,228.0,192.0,36.0,1.0,20.0,398.0,256.0,142.0,1.0,0.0,6.0,0.0,0.0,19.6,27.6,23.4,339.6,236.6,103.0,1.4,19.8,381.8,251.6,130.2,1.2,detroit lions,2021,
6,7.0,0,0-7,1.0,los angeles rams,19.0,28.0,19.0,415.0,278.0,137.0,2.0,22.0,374.0,327.0,47.0,0.0,0.0,7.0,0.0,0.0,18.166666666666668,28.666666666666668,22.0,321.0,229.16666666666666,91.83333333333333,1.3333333333333333,19.833333333333332,384.5,252.33333333333334,132.16666666666666,1.1666666666666667,detroit lions,2021,
7,8.0,0,0-8,0.0,philadelphia eagles,6.0,44.0,15.0,228.0,171.0,57.0,1.0,27.0,350.0,114.0,236.0,0.0,0.0,8.0,0.0,0.0,18.285714285714285,28.571428571428573,21.571428571428573,334.42857142857144,236.14285714285714,98.28571428571429,1.4285714285714286,20.142857142857142,383.0,263.0,120.0,1.0,detroit lions,2021,
9,10.0,T,0-8-1,1.0,pittsburgh steelers,16.0,16.0,17.0,306.0,77.0,229.0,0.0,22.0,387.0,242.0,145.0,3.0,0.0,1.0,0.0,0.0,16.75,30.5,20.75,321.125,228.0,93.125,1.375,21.0,378.875,244.375,134.5,0.875,detroit lions,2021,
10,11.0,0,0-9-1,1.0,cleveland browns,10.0,13.0,12.0,245.0,77.0,168.0,2.0,22.0,349.0,165.0,184.0,2.0,0.0,1.0,0.0,0.0,16.666666666666668,28.88888888888889,20.333333333333332,319.44444444444446,211.22222222222223,108.22222222222223,1.2222222222222223,21.11111111111111,379.77777777777777,244.11111111111111,135.66666666666666,1.1111111111111112,detroit lions,2021,
0,1.0,0,0-1,0.0,philadelphia eagles,6.0,32.0,19.0,260.0,136.0,124.0,0.0,24.0,434.0,261.0,173.0,0.0,0.0,1.0,,,,,,,,,,,,,,,atlanta falcons,2021,0.0
1,2.0,0,0-2,1.0,tampa bay buccaneers,25.0,48.0,19.0,348.0,293.0,55.0,3.0,21.0,341.0,259.0,82.0,1.0,0.0,2.0,0.0,,6.0,32.0,19.0,260.0,136.0,124.0,0.0,24.0,434.0,261.0,173.0,0.0,atlanta falcons,2021,0.0
2,3.0,1,1-2,1.0,new york giants,17.0,14.0,18.0,296.0,227.0,69.0,1.0,21.0,346.0,246.0,100.0,1.0,1.0,2.0,0.0,,15.5,40.0,19.0,304.0,214.5,89.5,1.5,22.5,387.5,260.0,127.5,0.5,atlanta falcons,2021,0.0
3,4.0,0,1-3,0.0,washington football team,30.0,34.0,24.0,374.0,275.0,99.0,0.0,26.0,412.0,290.0,122.0,0.0,1.0,3.0,0.3333333333333333,,16.0,31.333333333333332,18.666666666666668,301.3333333333333,218.66666666666666,82.66666666666667,1.3333333333333333,22.0,373.6666666666667,255.33333333333334,118.33333333333333,0.6666666666666666,atlanta falcons,2021,0.0
4,5.0,1,2-3,0.0,new york jets,27.0,20.0,28.0,450.0,342.0,108.0,2.0,17.0,230.0,166.0,64.0,1.0,2.0,3.0,0.25,,19.5,32.0,20.0,319.5,232.75,86.75,1.0,23.0,383.25,264.0,119.25,0.5,atlanta falcons,2021,0.0
6,7.0,1,3-3,1.0,miami dolphins,30.0,28.0,21.0,397.0,325.0,72.0,2.0,27.0,413.0,281.0,132.0,2.0,3.0,3.0,0.4,,21.0,29.6,21.6,345.6,254.6,91.0,1.2,21.8,352.6,244.4,108.2,0.6,atlanta falcons,2021,0.0
7,8.0,0,3-4,0.0,carolina panthers,13.0,19.0,17.0,213.0,131.0,82.0,2.0,21.0,332.0,129.0,203.0,1.0,3.0,4.0,0.5,,22.5,29.333333333333332,21.5,354.1666666666667,266.3333333333333,87.83333333333333,1.3333333333333333,22.666666666666668,362.6666666666667,250.5,112.16666666666667,0.8333333333333334,atlanta falcons,2021,0.0
8,9.0,1,4-4,1.0,new orleans saints,27.0,25.0,18.0,366.0,332.0,34.0,0.0,26.0,376.0,267.0,109.0,1.0,4.0,4.0,0.42857142857142855,,21.142857142857142,27.857142857142858,20.857142857142858,334.0,247.0,87.0,1.4285714285714286,22.428571428571427,358.2857142857143,233.14285714285714,125.14285714285714,0.8571428571428571,atlanta falcons,2021,0.0
9,10.0,0,4-5,1.0,dallas cowboys,3.0,43.0,11.0,214.0,111.0,103.0,3.0,22.0,431.0,317.0,114.0,1.0,4.0,5.0,0.5,,21.875,27.5,20.5,338.0,257.625,80.375,1.25,22.875,360.5,237.375,123.125,0.875,atlanta falcons,2021,0.0
10,11.0,0,4-6,0.0,new england patriots,0.0,25.0,11.0,165.0,125.0,40.0,4.0,20.0,308.0,174.0,134.0,1.0,4.0,6.0,0.4444444444444444,,19.77777777777778,29.22222222222222,19.444444444444443,324.22222222222223,241.33333333333334,82.88888888888889,1.4444444444444444,22.77777777777778,368.3333333333333,246.22222222222223,122.11111111111111,0.8888888888888888,atlanta falcons,2021,1.0
0,1.0,1,1-0,0.0,dallas cowboys,31.0,29.0,24.0,431.0,379.0,52.0,4.0,30.0,451.0,391.0,60.0,1.0,1.0,0.0,,0.0,,,,,,,,,,,,,tampa bay buccaneers,2021,1.0
1,2.0,1,2-0,0.0,atlanta falcons,48.0,25.0,21.0,341.0,259.0,82.0,1.0,19.0,348.0,293.0,55.0,3.0,2.0,0.0,1.0,0.0,31.0,29.0,24.0,431.0,379.0,52.0,4.0,30.0,451.0,391.0,60.0,1.0,tampa bay buccaneers,2021,0.0
2,3.0,0,2-1,1.0,los angeles rams,24.0,34.0,27.0,446.0,411.0,35.0,0.0,22.0,407.0,331.0,76.0,0.0,2.0,1.0,1.0,0.0,39.5,27.0,22.5,386.0,319.0,67.0,2.5,24.5,399.5,342.0,57.5,2.0,tampa bay buccaneers,2021,0.0
3,4.0,1,3-1,1.0,new england patriots,19.0,17.0,22.0,381.0,261.0,120.0,0.0,20.0,294.0,295.0,-1.0,2.0,3.0,1.0,0.6666666666666666,0.0,34.333333333333336,29.333333333333332,24.0,406.0,349.6666666666667,56.333333333333336,1.6666666666666667,23.666666666666668,402.0,338.3333333333333,63.666666666666664,1.3333333333333333,tampa bay buccaneers,2021,0.0
4,5.0,1,4-1,0.0,miami dolphins,45.0,17.0,33.0,558.0,437.0,121.0,0.0,17.0,301.0,262.0,39.0,2.0,4.0,1.0,0.75,0.0,30.5,26.25,23.5,399.75,327.5,72.25,1.25,22.75,375.0,327.5,47.5,1.5,tampa bay buccaneers,2021,0.0
5,6.0,1,5-1,1.0,philadelphia eagles,28.0,22.0,27.0,399.0,297.0,102.0,1.0,16.0,213.0,113.0,100.0,1.0,5.0,1.0,0.8,0.0,33.4,24.4,25.4,431.4,349.4,82.0,1.0,21.6,360.2,314.4,45.8,1.6,tampa bay buccaneers,2021,1.0
6,7.0,1,6-1,0.0,chicago bears,38.0,3.0,28.0,408.0,226.0,182.0,1.0,17.0,311.0,168.0,143.0,5.0,6.0,1.0,0.8333333333333334,0.0,32.5,24.0,25.666666666666668,426.0,340.6666666666667,85.33333333333333,1.0,20.666666666666668,335.6666666666667,280.8333333333333,54.833333333333336,1.5,tampa bay buccaneers,2021,0.0
7,8.0,0,6-2,1.0,new orleans saints,27.0,36.0,16.0,421.0,350.0,71.0,3.0,26.0,361.0,209.0,152.0,0.0,6.0,2.0,0.8571428571428571,0.0,33.285714285714285,21.0,26.0,423.42857142857144,324.2857142857143,99.14285714285714,1.0,20.142857142857142,332.14285714285717,264.7142857142857,67.42857142857143,2.0,tampa bay buccaneers,2021,0.0
9,10.0,0,6-3,1.0,washington football team,19.0,29.0,14.0,273.0,220.0,53.0,2.0,23.0,320.0,226.0,94.0,1.0,6.0,3.0,0.75,0.0,32.5,22.875,24.75,423.125,327.5,95.625,1.25,20.875,335.75,257.75,78.0,1.75,tampa bay buccaneers,2021,0.0
10,11.0,1,7-3,0.0,new york giants,30.0,10.0,28.0,402.0,308.0,94.0,1.0,15.0,215.0,149.0,66.0,3.0,7.0,3.0,0.6666666666666666,1.0,31.0,23.555555555555557,23.555555555555557,406.44444444444446,315.55555555555554,90.88888888888889,1.3333333333333333,21.11111111111111,334.0,254.22222222222223,79.77777777777777,1.6666666666666667,tampa bay buccaneers,2021,0.0
0,1.0,1,1-0,0.0,green bay packers,38.0,3.0,22.0,322.0,151.0,171.0,0.0,14.0,229.0,186.0,43.0,3.0,1.0,0.0,,0.0,,,,,,,,,,,,,new orleans saints,2021,
1,2.0,0,1-1,1.0,carolina panthers,7.0,26.0,6.0,128.0,80.0,48.0,2.0,28.0,383.0,294.0,89.0,1.0,1.0,1.0,1.0,0.0,38.0,3.0,22.0,322.0,151.0,171.0,0.0,14.0,229.0,186.0,43.0,3.0,new orleans saints,2021,
2,3.0,1,2-1,1.0,new england patriots,28.0,13.0,19.0,252.0,110.0,142.0,0.0,16.0,300.0,251.0,49.0,3.0,2.0,1.0,0.5,0.0,22.5,14.5,14.0,225.0,115.5,109.5,1.0,21.0,306.0,240.0,66.0,2.0,new orleans saints,2021,
3,4.0,0,2-2,0.0,new york giants,21.0,27.0,21.0,405.0,235.0,170.0,1.0,21.0,485.0,402.0,83.0,1.0,2.0,2.0,0.6666666666666666,0.0,24.333333333333332,14.0,15.666666666666666,234.0,113.66666666666667,120.33333333333333,0.6666666666666666,19.333333333333332,304.0,243.66666666666666,60.333333333333336,2.3333333333333335,new orleans saints,2021,
4,5.0,1,3-2,1.0,washington football team,33.0,22.0,18.0,369.0,271.0,98.0,2.0,26.0,373.0,242.0,131.0,2.0,3.0,2.0,0.5,0.0,23.5,17.25,17.0,276.75,144.0,132.75,0.75,19.75,349.25,283.25,66.0,2.0,new orleans saints,2021,
6,7.0,1,4-2,1.0,seattle seahawks,13.0,10.0,21.0,304.0,210.0,94.0,1.0,14.0,219.0,129.0,90.0,0.0,4.0,2.0,0.6,1.0,25.4,18.2,17.2,295.2,169.4,125.8,1.0,21.0,354.0,275.0,79.0,2.0,new orleans saints,2021,
7,8.0,1,5-2,0.0,tampa bay buccaneers,36.0,27.0,26.0,361.0,209.0,152.0,0.0,16.0,421.0,350.0,71.0,3.0,5.0,2.0,0.6666666666666666,0.0,23.333333333333332,16.833333333333332,17.833333333333332,296.6666666666667,176.16666666666666,120.5,1.0,19.833333333333332,331.5,250.66666666666666,80.83333333333333,1.6666666666666667,new orleans saints,2021,
8,9.0,0,5-3,0.0,atlanta falcons,25.0,27.0,26.0,376.0,267.0,109.0,1.0,18.0,366.0,332.0,34.0,0.0,5.0,3.0,0.7142857142857143,0.0,25.142857142857142,18.285714285714285,19.0,305.85714285714283,180.85714285714286,125.0,0.8571428571428571,19.285714285714285,344.2857142857143,264.85714285714283,79.42857142857143,1.8571428571428572,new orleans saints,2021,
9,10.0,0,5-4,1.0,tennessee titans,21.0,23.0,22.0,373.0,287.0,86.0,1.0,17.0,264.0,198.0,66.0,0.0,5.0,4.0,0.625,0.0,25.125,19.375,19.875,314.625,191.625,123.0,0.875,19.125,347.0,273.25,73.75,1.625,new orleans saints,2021,
10,11.0,0,5-5,1.0,philadelphia eagles,29.0,40.0,18.0,323.0,214.0,109.0,3.0,21.0,380.0,138.0,242.0,1.0,5.0,5.0,0.5555555555555556,0.0,24.666666666666668,19.77777777777778,20.11111111111111,321.1111111111111,202.22222222222223,118.88888888888889,0.8888888888888888,18.88888888888889,337.77777777777777,264.8888888888889,72.88888888888889,1.4444444444444444,new orleans saints,2021,
0,1.0,1,1-0,0.0,new york jets,19.0,14.0,18.0,381.0,270.0,111.0,1.0,16.0,252.0,207.0,45.0,1.0,1.0,0.0,,,,,,,,,,,,,,,carolina panthers,2021,0.0
1,2.0,1,2-0,0.0,new orleans saints,26.0,7.0,28.0,383.0,294.0,89.0,1.0,6.0,128.0,80.0,48.0,2.0,2.0,0.0,1.0,,19.0,14.0,18.0,381.0,270.0,111.0,1.0,16.0,252.0,207.0,45.0,1.0,carolina panthers,2021,0.0
2,3.0,1,3-0,1.0,houston texans,24.0,9.0,28.0,407.0,290.0,117.0,0.0,14.0,193.0,151.0,42.0,0.0,3.0,0.0,1.0,,22.5,10.5,23.0,382.0,282.0,100.0,1.0,11.0,190.0,143.5,46.5,1.5,carolina panthers,2021,1.0
3,4.0,0,3-1,1.0,dallas cowboys,28.0,36.0,24.0,379.0,266.0,113.0,2.0,24.0,433.0,188.0,245.0,0.0,3.0,1.0,1.0,,23.0,10.0,24.666666666666668,390.3333333333333,284.6666666666667,105.66666666666667,0.6666666666666666,12.0,191.0,146.0,45.0,1.0,carolina panthers,2021,0.0
4,5.0,0,3-2,0.0,philadelphia eagles,18.0,21.0,17.0,267.0,158.0,109.0,3.0,15.0,273.0,182.0,91.0,2.0,3.0,2.0,0.75,,24.25,16.5,24.5,387.5,280.0,107.5,1.0,15.0,251.5,156.5,95.0,0.75,carolina panthers,2021,0.0
5,6.0,0,3-3,0.0,minnesota vikings,28.0,34.0,20.0,306.0,188.0,118.0,3.0,26.0,571.0,373.0,198.0,1.0,3.0,3.0,0.6,,23.0,17.4,23.0,363.4,255.6,107.8,1.4,15.0,255.8,161.6,94.2,1.0,carolina panthers,2021,0.0
6,7.0,0,3-4,1.0,new york giants,3.0,25.0,11.0,173.0,117.0,56.0,1.0,21.0,302.0,199.0,103.0,0.0,3.0,4.0,0.5,,23.833333333333332,20.166666666666668,22.5,353.8333333333333,244.33333333333334,109.5,1.6666666666666667,16.833333333333332,308.3333333333333,196.83333333333334,111.5,1.0,carolina panthers,2021,0.0
7,8.0,1,4-4,1.0,atlanta falcons,19.0,13.0,21.0,332.0,129.0,203.0,1.0,17.0,213.0,131.0,82.0,2.0,4.0,4.0,0.42857142857142855,,20.857142857142858,20.857142857142858,20.857142857142858,328.0,226.14285714285714,101.85714285714286,1.5714285714285714,17.428571428571427,307.42857142857144,197.14285714285714,110.28571428571429,0.8571428571428571,carolina panthers,2021,0.0
8,9.0,0,4-5,0.0,new england patriots,6.0,24.0,13.0,240.0,162.0,78.0,3.0,17.0,273.0,122.0,151.0,2.0,4.0,5.0,0.5,,20.625,19.875,20.875,328.5,214.0,114.5,1.5,17.375,295.625,188.875,106.75,1.0,carolina panthers,2021,0.0
9,10.0,1,5-5,1.0,arizona cardinals,34.0,10.0,24.0,341.0,175.0,166.0,2.0,11.0,169.0,104.0,65.0,2.0,5.0,5.0,0.4444444444444444,,19.0,20.333333333333332,20.0,318.6666666666667,208.22222222222223,110.44444444444444,1.6666666666666667,17.333333333333332,293.1111111111111,181.44444444444446,111.66666666666667,1.1111111111111112,carolina panthers,2021,0.0
10,11.0,0,5-6,0.0,washington football team,21.0,27.0,18.0,297.0,186.0,111.0,0.0,24.0,369.0,179.0,190.0,1.0,5.0,6.0,0.5,,20.5,19.3,20.4,320.9,204.9,116.0,1.7,16.7,280.7,173.7,107.0,1.2,carolina panthers,2021,0.0
0,1.0,1,1-0,1.0,indianapolis colts,28.0,16.0,18.0,381.0,241.0,140.0,1.0,23.0,336.0,223.0,113.0,1.0,1.0,0.0,,0.0,,,,,,,,,,,,,seattle seahawks,2021,0.0
1,2.0,0,1-1,0.0,tennessee titans,30.0,33.0,17.0,397.0,320.0,77.0,0.0,33.0,532.0,320.0,212.0,1.0,1.0,1.0,1.0,0.0,28.0,16.0,18.0,381.0,241.0,140.0,1.0,23.0,336.0,223.0,113.0,1.0,seattle seahawks,2021,0.0
2,3.0,0,1-2,1.0,minnesota vikings,17.0,30.0,21.0,389.0,283.0,106.0,0.0,28.0,453.0,313.0,140.0,0.0,1.0,2.0,0.5,0.0,29.0,24.5,17.5,389.0,280.5,108.5,0.5,28.0,434.0,271.5,162.5,1.0,seattle seahawks,2021,0.0
3,4.0,1,2-2,1.0,san francisco 49ers,28.0,21.0,14.0,234.0,129.0,105.0,0.0,23.0,457.0,314.0,143.0,2.0,2.0,2.0,0.3333333333333333,0.0,25.0,26.333333333333332,18.666666666666668,389.0,281.3333333333333,107.66666666666667,0.3333333333333333,28.0,440.3333333333333,285.3333333333333,155.0,0.6666666666666666,seattle seahawks,2021,0.0
4,5.0,0,2-3,0.0,los angeles rams,17.0,26.0,22.0,354.0,262.0,92.0,2.0,24.0,476.0,358.0,118.0,1.0,2.0,3.0,0.5,0.0,25.75,25.0,17.5,350.25,243.25,107.0,0.25,26.75,444.5,292.5,152.0,1.0,seattle seahawks,2021,1.0
5,6.0,0,2-4,1.0,pittsburgh steelers,20.0,23.0,18.0,309.0,165.0,144.0,1.0,22.0,345.0,226.0,119.0,1.0,2.0,4.0,0.4,0.0,24.0,25.2,18.4,351.0,247.0,104.0,0.6,26.2,450.8,305.6,145.2,1.0,seattle seahawks,2021,0.0
6,7.0,0,2-5,0.0,new orleans saints,10.0,13.0,14.0,219.0,129.0,90.0,0.0,21.0,304.0,210.0,94.0,1.0,2.0,5.0,0.3333333333333333,1.0,23.333333333333332,24.833333333333332,18.333333333333332,344.0,233.33333333333334,110.66666666666667,0.6666666666666666,25.5,433.1666666666667,292.3333333333333,140.83333333333334,1.0,seattle seahawks,2021,0.0
7,8.0,1,3-5,0.0,jacksonville jaguars,31.0,7.0,17.0,229.0,160.0,69.0,0.0,20.0,309.0,227.0,82.0,1.0,3.0,5.0,0.2857142857142857,0.0,21.428571428571427,23.142857142857142,17.714285714285715,326.14285714285717,218.42857142857142,107.71428571428571,0.5714285714285714,24.857142857142858,414.7142857142857,280.57142857142856,134.14285714285714,1.0,seattle seahawks,2021,0.0
9,10.0,0,3-6,1.0,green bay packers,0.0,17.0,15.0,208.0,133.0,75.0,2.0,22.0,393.0,287.0,106.0,1.0,3.0,6.0,0.375,0.0,22.625,21.125,17.625,314.0,211.125,102.875,0.5,24.25,401.5,273.875,127.625,1.0,seattle seahawks,2021,0.0
10,11.0,0,3-7,0.0,arizona cardinals,13.0,23.0,16.0,266.0,180.0,86.0,0.0,29.0,413.0,318.0,95.0,0.0,3.0,7.0,0.3333333333333333,0.0,20.11111111111111,20.666666666666668,17.333333333333332,302.22222222222223,202.44444444444446,99.77777777777777,0.6666666666666666,24.0,400.55555555555554,275.3333333333333,125.22222222222223,1.0,seattle seahawks,2021,0.0
0,1.0,1,1-0,1.0,detroit lions,41.0,33.0,21.0,442.0,311.0,131.0,2.0,31.0,430.0,314.0,116.0,1.0,1.0,0.0,,0.0,,,,,,,,,,,,,san francisco 49ers,2021,
1,2.0,1,2-0,1.0,philadelphia eagles,17.0,11.0,23.0,306.0,189.0,117.0,0.0,18.0,328.0,177.0,151.0,0.0,2.0,0.0,1.0,0.0,41.0,33.0,21.0,442.0,311.0,131.0,2.0,31.0,430.0,314.0,116.0,1.0,san francisco 49ers,2021,
2,3.0,0,2-1,0.0,green bay packers,28.0,30.0,26.0,298.0,231.0,67.0,2.0,21.0,353.0,253.0,100.0,0.0,2.0,1.0,1.0,0.0,29.0,22.0,22.0,374.0,250.0,124.0,1.0,24.5,379.0,245.5,133.5,0.5,san francisco 49ers,2021,
3,4.0,0,2-2,0.0,seattle seahawks,21.0,28.0,23.0,457.0,314.0,143.0,2.0,14.0,234.0,129.0,105.0,0.0,2.0,2.0,0.6666666666666666,0.0,28.666666666666668,24.666666666666668,23.333333333333332,348.6666666666667,243.66666666666666,105.0,1.3333333333333333,23.333333333333332,370.3333333333333,248.0,122.33333333333333,0.3333333333333333,san francisco 49ers,2021,
4,5.0,0,2-3,1.0,arizona cardinals,10.0,17.0,19.0,338.0,186.0,152.0,1.0,20.0,304.0,210.0,94.0,1.0,2.0,3.0,0.5,0.0,26.75,25.5,23.25,375.75,261.25,114.5,1.5,21.0,336.25,218.25,118.0,0.25,san francisco 49ers,2021,
6,7.0,0,2-4,0.0,indianapolis colts,18.0,30.0,13.0,280.0,169.0,111.0,4.0,17.0,295.0,147.0,148.0,2.0,2.0,4.0,0.4,0.0,23.4,23.8,22.4,368.2,246.2,122.0,1.4,20.8,329.8,216.6,113.2,0.4,san francisco 49ers,2021,
7,8.0,1,3-4,1.0,chicago bears,33.0,22.0,21.0,467.0,322.0,145.0,0.0,22.0,324.0,148.0,176.0,1.0,3.0,4.0,0.3333333333333333,0.0,22.5,24.833333333333332,20.833333333333332,353.5,233.33333333333334,120.16666666666667,1.8333333333333333,20.166666666666668,324.0,205.0,119.0,0.6666666666666666,san francisco 49ers,2021,
8,9.0,0,3-5,0.0,arizona cardinals,17.0,31.0,22.0,337.0,298.0,39.0,3.0,22.0,437.0,274.0,163.0,0.0,3.0,5.0,0.42857142857142855,0.0,24.0,24.428571428571427,20.857142857142858,369.7142857142857,246.0,123.71428571428571,1.5714285714285714,20.428571428571427,324.0,196.85714285714286,127.14285714285714,0.7142857142857143,san francisco 49ers,2021,
9,10.0,1,4-5,0.0,los angeles rams,31.0,10.0,20.0,335.0,179.0,156.0,0.0,16.0,278.0,226.0,52.0,2.0,4.0,5.0,0.375,1.0,23.125,25.25,21.0,365.625,252.5,113.125,1.75,20.625,338.125,206.5,131.625,0.625,san francisco 49ers,2021,
10,11.0,1,5-5,1.0,jacksonville jaguars,30.0,10.0,25.0,333.0,162.0,171.0,0.0,14.0,200.0,146.0,54.0,2.0,5.0,5.0,0.4444444444444444,0.0,24.0,23.555555555555557,20.88888888888889,362.22222222222223,244.33333333333334,117.88888888888889,1.5555555555555556,20.11111111111111,331.44444444444446,208.66666666666666,122.77777777777777,0.7777777777777778,san francisco 49ers,2021,
0,1.0,1,1-0,0.0,chicago bears,34.0,14.0,18.0,386.0,312.0,74.0,0.0,24.0,322.0,188.0,134.0,2.0,1.0,0.0,,0.0,,,,,,,,,,,,,los angeles rams,2021,0.0
1,2.0,1,2-0,1.0,indianapolis colts,27.0,24.0,21.0,371.0,270.0,101.0,2.0,22.0,354.0,245.0,109.0,2.0,2.0,0.0,1.0,0.0,34.0,14.0,18.0,386.0,312.0,74.0,0.0,24.0,322.0,188.0,134.0,2.0,los angeles rams,2021,0.0
2,3.0,1,3-0,0.0,tampa bay buccaneers,34.0,24.0,22.0,407.0,331.0,76.0,0.0,27.0,446.0,411.0,35.0,0.0,3.0,0.0,1.0,0.0,30.5,19.0,19.5,378.5,291.0,87.5,1.0,23.0,338.0,216.5,121.5,2.0,los angeles rams,2021,0.0
3,4.0,0,3-1,0.0,arizona cardinals,20.0,37.0,24.0,401.0,280.0,121.0,2.0,27.0,465.0,249.0,216.0,0.0,3.0,1.0,1.0,0.0,31.666666666666668,20.666666666666668,20.333333333333332,388.0,304.3333333333333,83.66666666666667,0.6666666666666666,24.333333333333332,374.0,281.3333333333333,92.66666666666667,1.3333333333333333,los angeles rams,2021,0.0
4,5.0,1,4-1,1.0,seattle seahawks,26.0,17.0,24.0,476.0,358.0,118.0,1.0,22.0,354.0,262.0,92.0,2.0,4.0,1.0,0.75,0.0,28.75,24.75,21.25,391.25,298.25,93.0,1.0,25.0,396.75,273.25,123.5,1.0,los angeles rams,2021,1.0
5,6.0,1,5-1,1.0,new york giants,38.0,11.0,22.0,365.0,234.0,131.0,2.0,21.0,261.0,201.0,60.0,4.0,5.0,1.0,0.8,0.0,28.2,23.2,21.8,408.2,310.2,98.0,1.0,24.4,388.2,271.0,117.2,1.2,los angeles rams,2021,0.0
6,7.0,1,6-1,0.0,detroit lions,28.0,19.0,22.0,374.0,327.0,47.0,0.0,19.0,415.0,278.0,137.0,2.0,6.0,1.0,0.8333333333333334,0.0,29.833333333333332,21.166666666666668,21.833333333333332,401.0,297.5,103.5,1.1666666666666667,23.833333333333332,367.0,259.3333333333333,107.66666666666667,1.6666666666666667,los angeles rams,2021,0.0
7,8.0,1,7-1,1.0,houston texans,38.0,22.0,26.0,467.0,302.0,165.0,0.0,18.0,323.0,279.0,44.0,1.0,7.0,1.0,0.8571428571428571,0.0,29.571428571428573,20.857142857142858,21.857142857142858,397.14285714285717,301.7142857142857,95.42857142857143,1.0,23.142857142857142,373.85714285714283,262.0,111.85714285714286,1.7142857142857142,los angeles rams,2021,0.0
8,9.0,0,7-2,0.0,tennessee titans,16.0,28.0,22.0,347.0,253.0,94.0,2.0,16.0,194.0,125.0,69.0,1.0,7.0,2.0,0.875,0.0,30.625,21.0,22.375,405.875,301.75,104.125,0.875,22.5,367.5,264.125,103.375,1.625,los angeles rams,2021,0.0
9,10.0,0,7-3,1.0,san francisco 49ers,10.0,31.0,16.0,278.0,226.0,52.0,2.0,20.0,335.0,179.0,156.0,0.0,7.0,3.0,0.7777777777777778,1.0,29.0,21.77777777777778,22.333333333333332,399.3333333333333,296.3333333333333,103.0,1.0,21.77777777777778,348.22222222222223,248.66666666666666,99.55555555555556,1.5555555555555556,los angeles rams,2021,0.0
0,1.0,1,1-0,1.0,tennessee titans,38.0,13.0,22.0,416.0,280.0,136.0,1.0,17.0,248.0,162.0,86.0,3.0,1.0,0.0,,,,,,,,,,,,,,,arizona cardinals,2021,0.0
1,2.0,1,2-0,0.0,minnesota vikings,34.0,33.0,21.0,474.0,371.0,103.0,2.0,22.0,419.0,242.0,177.0,0.0,2.0,0.0,1.0,,38.0,13.0,22.0,416.0,280.0,136.0,1.0,17.0,248.0,162.0,86.0,3.0,arizona cardinals,2021,0.0
2,3.0,1,3-0,1.0,jacksonville jaguars,31.0,19.0,23.0,407.0,316.0,91.0,1.0,20.0,361.0,202.0,159.0,4.0,3.0,0.0,1.0,,36.0,23.0,21.5,445.0,325.5,119.5,1.5,19.5,333.5,202.0,131.5,1.5,arizona cardinals,2021,0.0
3,4.0,1,4-0,1.0,los angeles rams,37.0,20.0,27.0,465.0,249.0,216.0,0.0,24.0,401.0,280.0,121.0,2.0,4.0,0.0,1.0,,34.333333333333336,21.666666666666668,22.0,432.3333333333333,322.3333333333333,110.0,1.3333333333333333,19.666666666666668,342.6666666666667,202.0,140.66666666666666,2.3333333333333335,arizona cardinals,2021,0.0
4,5.0,1,5-0,0.0,san francisco 49ers,17.0,10.0,20.0,304.0,210.0,94.0,1.0,19.0,338.0,186.0,152.0,1.0,5.0,0.0,1.0,,35.0,21.25,23.25,440.5,304.0,136.5,1.0,20.75,357.25,221.5,135.75,2.25,arizona cardinals,2021,0.0
5,6.0,1,6-0,1.0,cleveland browns,37.0,14.0,24.0,352.0,208.0,144.0,0.0,16.0,290.0,217.0,73.0,3.0,6.0,0.0,1.0,,31.4,19.0,22.6,413.2,285.2,128.0,1.0,20.4,353.4,214.4,139.0,2.0,arizona cardinals,2021,0.0
6,7.0,1,7-0,0.0,houston texans,31.0,5.0,24.0,397.0,225.0,172.0,1.0,8.0,160.0,118.0,42.0,1.0,7.0,0.0,1.0,,32.333333333333336,18.166666666666668,22.833333333333332,403.0,272.3333333333333,130.66666666666666,0.8333333333333334,19.666666666666668,342.8333333333333,214.83333333333334,128.0,2.1666666666666665,arizona cardinals,2021,0.0
7,8.0,0,7-1,0.0,green bay packers,21.0,24.0,22.0,334.0,260.0,74.0,3.0,24.0,335.0,184.0,151.0,0.0,7.0,1.0,1.0,,32.142857142857146,16.285714285714285,23.0,402.14285714285717,265.57142857142856,136.57142857142858,0.8571428571428571,18.0,316.7142857142857,201.0,115.71428571428571,2.0,arizona cardinals,2021,1.0
8,9.0,1,8-1,1.0,san francisco 49ers,31.0,17.0,22.0,437.0,274.0,163.0,0.0,22.0,337.0,298.0,39.0,3.0,8.0,1.0,0.875,,30.75,17.25,22.875,393.625,264.875,128.75,1.125,18.75,319.0,198.875,120.125,1.75,arizona cardinals,2021,0.0
9,10.0,0,8-2,0.0,carolina panthers,10.0,34.0,11.0,169.0,104.0,65.0,2.0,24.0,341.0,175.0,166.0,2.0,8.0,2.0,0.8888888888888888,,30.77777777777778,17.22222222222222,22.77777777777778,398.44444444444446,265.8888888888889,132.55555555555554,1.0,19.11111111111111,321.0,209.88888888888889,111.11111111111111,1.8888888888888888,arizona cardinals,2021,0.0
10,11.0,1,9-2,1.0,seattle seahawks,23.0,13.0,29.0,413.0,318.0,95.0,0.0,16.0,266.0,180.0,86.0,0.0,9.0,2.0,0.8,,28.7,18.9,21.6,375.5,249.7,125.8,1.1,19.6,323.0,206.4,116.6,1.9,arizona cardinals,2021,0.0
